scientific_name_(check),reference,amostra_stefany,new_description_stefany,scientific_name_(original),name_phylogeny,genus,specific_Epithet,infraspecific_Epithet,rank,grains,outline,pollen_arrangement,DU_planes,ornamentation,pore_number,shorter_diameter_min,shorter_diameter_max,shorter_diameter_mean,longer_diameter_min,longer_diameter_max,longer_diameter_mean,pore_diameter_min,pore_diameter_max,pore_diameter_mean,exine_thickness_min,exine_thickness_max,exine_thickness_mean,sexine_thickness_mean,nexine_thickness_mean,voucher,herbarium,herbarium_code,voucher_review,image_of_literature
Adenopodia gymnantha,Caccavari - 2002,,,Adenopodia gymnantha,Adenopodia_gymnantha,Adenopodia,gymnantha,,Species,16,elliptical,,,verrucate scabrate,,,,,,,28.000,,,,,,,,,LanglassÃ© 638,P,,,Adenopodia_gymnantha-Caccavari-2002-10Âµm / Adenopodia_gymnantha-2-Caccavari-2002-10Âµm
Adenopodia oaxacana,Caccavari - 2002,,,Adenopodia oaxacana,Adenopodia_oaxacana,Adenopodia,oaxacana,,Species,16,elliptical,,,verrucate scabrate,,,,,,,31.000,,,,,,,,,Sousa et al. 9673,MEXU,,,Adenopodia_oaxacana-Caccavari-2002-10Âµm
Anadenanthera colubrina,Freitas-Cruz - 2018 / Ribeiro - 2018,,,Anadenanthera colubrina,Anadenanthera_colubrina,Anadenanthera,colubrina,,Species,16,circular&elliptical,regular arangement polyad,multiplanar,areolate&rugulate,,32.5,47.500,39.000,32.500,47.500,38.800,,,,2.000,2.000,2.000,1.000,1.000,DM Calmon 221 / LP Queiroz s.n. /  s.col. / Lacerda 262 / Lacerda 268 / Melo 3744,R / R / R / HUEFS / HUEFS / HUEFS,ALCB 75760 (DM Calmon 221) / HUEFS 112288 / HUEFS 112292 / HUEFS 91632,,Anadenanthera_colubrina-Cruz-2018-5Î¼m / Anadenanthera_colubrina-2-Cruz-2018-5Î¼m / Anadenanthera_colubrina-3-Cruz-2018-5Î¼m / Anadenanthera_colubrina_var.cebil-Ribeiro-2018-10Î¼m / Anadenanthera_colubrina_var.cebil-2-Ribeiro-2018-10Î¼m
Anadenanthera colubrina var. cebil,Caccavari - 2002 / Ribeiro - 2018,,,Anadenanthera colubrina var. cebil  / Anadenanthera colubrina,Anadenanthera_colubrina_cebil,Anadenanthera,colubrina,cebil,Variety,12,elliptical&oval,regular arangement polyad,,areolate&verrucate,,30,40.000,35.067,30.000,42.500,37.780,,,,2.000,2.000,2.000,,,Faria 114 / Melo 6563 / Queiroz 7194 / Ricardo s.n. / Rubens 161,RB / HUEFS / HUEFS / HUEFS / RB,RB 212051 / HUEFS 151750 / HUEFS 60904 / HUEFS 35629,"Faria 114, Melo 6563, Queiroz 7194 and Ricardo s.n. = Anadenanthera colubrina var. cebil",Anadenanthera_colubrina_var.colubrina-Ribeiro-2018-10Î¼m / Anadenanthera_colubrina_var.colubrina-2-Ribeiro-2018-10Î¼m / Anadenanthera_colubrina_var.colubrina-3-Ribeiro-2018-10Î¼m / Anadenanthera_colubrina_var. cebil-Caccavari-2002-10Âµm / Anadenanthera_colubrina_var. cebil-2-Caccavari-2002-10Âµm / Anadenanthera_colubrina_var. cebil-3-Caccavari-2002-10Âµm / Anadenanthera_colubrina_var. cebil-4-Caccavari-2002-10Âµm
Anadenanthera colubrina var. colubrina,Buril - 2010,,,Anadenanthera colubrina var. colubrina,Anadenanthera_colubrina_colubrina,Anadenanthera,colubrina,colubrina,Variety,16,,,,areolate,4&6,30.9,37.500,33.900,33.300,41.200,37.200,,,,2.500,2.500,2.500,1.500,1.000,E. CÃ³rdula 195 / W. Ganev 2666,HUEFS / HUEFS,HUEFS 117740 / HUEFS 16264,,Anadenanthera_colubrina_var. colubrina-Buril-2010-10Î¼m / Anadenanthera_colubrina_var. colubrina-2-Buril-2010-10Î¼m / Anadenanthera_colubrina_var. colubrina-3-Buril-2010-10Î¼m / Anadenanthera_colubrina_var. colubrina-Buril-2010-10Î¼m / Anadenanthera_colubrina_var. colubrina-2-Buril-2010-10Î¼m / Anadenanthera_colubrina_var. colubrina-3-Buril-2010-10Î¼m
Anadenanthera peregrina,Ribeiro - 2018 / Caccavari - 2002,,,Anadenanthera peregrina / Anadenanthera peregrina var. falcata,Anadenanthera_peregrina,Anadenanthera,peregrina,,Species,16,elliptical,regular arangement polyad,,areolate,,22.5,35.000,29.767,20.000,47.500,34.550,,,,1.000,1.000,1.000,,,Colchester 2374 / Kinupp 25794 / Pifano 149 / Oliveira 18,HUEFS / HUEFS / HUEFS / RB,HUEFS 50563 / FUEL 25794 / HUEFS 59150 / RB 226097,Kinupp 25794 and Oliveira 18 = Anadenanthera peregrina var. falcata,Anadenanthera_peregrina-Ribeiro-2018-10Î¼m / Anadenanthera_peregrina-2-Ribeiro-2018-10Î¼m / Anadenanthera_peregrina-3-Ribeiro-2018-10Î¼m
Gwilymia coriaceum,LiauKang/ Guinet & Caccavari - 1992,18,,Stryphnodendron coriaceum / Stryphnodendron piptadenioides,Gwilymia_coriaceum,Gwilymia,coriaceum,,Species,16,elliptical&oval,,,verrucate,,30.8,30.800,30.800,34.100,34.100,34.100,1.800,1.900,1.850,1.000,1.000,1.000,,,"M. A. Silva 1472,  T. S. Filgueiras, J.W.B. Machado, A. L. Brochado / Lima 13302",ESA / RFA,ESA 88712 / RFA 17172,,Stryphnodendron_piptadenioides-1-Guinet & Caccavari-1992-x10000 / Stryphnodendron_piptadenioides-2-Guinet & Caccavari-1992-x1000 / Stryphnodendron_piptadenioides-3-Guinet & Caccavari-1992-x1000 / Stryphnodendron_piptadenioides-4-Guinet & Caccavari-1992-x1000 / Stryphnodendron_piptadenioides-5-Guinet & Caccavari-1992-x10600
Gwilymia fissuratum,Caccavari - 2002 / Guinet & Caccavari - 1992,,,Stryphnodendron fissuratum,Gwilymia_fissuratum,Gwilymia,fissuratum,,Species,16,oval,,,,,40.5,,40.500,,58.600,63.300,2.400,,2.400,,,1.800,,,Eiten et al. 8956 / Eiten & Eiten 8956,SP / SP,SP 129687 / SP 129687,,Stryphnodendron_fissuratum-1-Guinet & Caccavari-1992-x1000 / Stryphnodendron_fissuratum-2-Guinet & Caccavari-1992-x1000 / Stryphnodendron_fissuratum-3-Guinet & Caccavari-1992-x16000 / Stryphnodendron_fissuratum-4-Guinet & Caccavari-1992-x10600
Gwilymia moricolor,Guinet & Caccavari - 1992,,,Stryphnodendron moricolor,Gwilymia_moricolor,Gwilymia,moricolor,,Species,16,elliptical&oval,,,areolate&fossulate,,44.5,44.500,44.500,57.600,57.600,57.600,3.200,5.500,4.350,1.500,2.000,1.750,,,Mori & Boom 15236,CAY,,,
Gwilymia occhionianum,Guinet & Caccavari - 1992,,,Stryphnodendron occhionianum,Gwilymia_occhionianum,Gwilymia,occhionianum,,Species,8,elliptical&oval,irregular arangement polyad,,verrucate,,31.1,31.100,31.100,47.900,47.900,47.900,3.200,3.500,3.350,1.400,2.000,1.700,,,Oliveira 997,RB,,,Stryphnodendron_occhionianum-1-Guinet & Caccavari-1992-x1000 / Stryphnodendron_occhionianum-2-Guinet & Caccavari-1992-x1000 / Stryphnodendron_occhionianum-3-Guinet & Caccavari-1992-x1000 / Stryphnodendron_occhionianum-4-Guinet & Caccavari-1992-x1000 / Stryphnodendron_occhionianum-5-Guinet & Caccavari-1992-x1000 / Stryphnodendron_occhionianum-6-Guinet & Caccavari-1992-x10000
Gwilymia paniculatum,Guinet & Caccavari - 1992,,,Stryphnodendron paniculatum / Stryphnodendron rizzinianum,Gwilymia_paniculatum,Gwilymia,paniculatum,,Species,16,oval,,,areolate&fossulate,,36.2,36.200,,44.500,44.500,44.500,3.200,5.500,4.350,1.500,2.000,1.750,,,Ducke s.n. (5.07.1936) / Krukoff 6441 / Ducke s.n. (7.11.1935),US / RB / RB,US 1694148 / RB 32083 / RB 29044,,Stryphnodendron_paniculatum-1-Guinet & Caccavari-1992-x1000 / Stryphnodendron_paniculatum-2-Guinet & Caccavari-1992-x1000 / Stryphnodendron_paniculatum-3-Guinet & Caccavari-1992-x10600 / Stryphnodendron_rizzinianum-1-Guinet & Caccavari-1992-x1000 / Stryphnodendron_rizzinianum-2-Guinet & Caccavari-1992-x1000 / Stryphnodendron_rizzinianum-3-Guinet & Caccavari-1992-x1000 / Stryphnodendron_rizzinianum-4-Guinet & Caccavari-1992-x1000
Gwilymia polystachyum,Guinet & Caccavari - 1992,,,Stryphnodendron polystachyum,Gwilymia_polystachyum,Gwilymia,polystachyum,,Species,8,elliptical&oval,irregular arangement polyad,,verrucate,,32,32.000,34.100,46.600,46.600,46.600,3.200,3.500,3.350,1.400,2.000,1.700,,,Irwin et al. 48381 / Irwin et al. 55179,NY / NY,,,Stryphnodendron_polystachyum-1-Guinet & Caccavari-1992-x1000 / Stryphnodendron_polystachyum-2-Guinet & Caccavari-1992-x1000 / Stryphnodendron_polystachyum-3-Guinet & Caccavari-1992-x1000 / Stryphnodendron_polystachyum-4-Guinet & Caccavari-1992-x1000
Gwilymia racemiferum,Guinet & Caccavari - 1992,,,Stryphnodendron racemiferum,Gwilymia_racemiferum,Gwilymia,racemiferum,,Species,16,elliptical&oval,,,areolate&reticulate,,35.4,35.400,34.100,55.000,55.000,55.000,3.200,5.500,4.350,1.500,2.000,1.750,,,Prance et al. 3613,K,,,Stryphnodendron_racemiferum-1-Guinet & Caccavari-1992-x1000 / Stryphnodendron_racemiferum-2-Guinet & Caccavari-1992-x1000 / Stryphnodendron_racemiferum-2-Guinet & Caccavari-1992-x1000 / Stryphnodendron_racemiferum-4-Guinet & Caccavari-1992-x1000 / Stryphnodendron_racemiferum-5-Guinet & Caccavari-1992-x10600
Inga edulis,Almeida Braga - 2012,,,Inga edulis,Inga_edulis,Inga,edulis,,Species,32,,,,verrucate,,50,50.000,50.000,100.000,100.000,100.000,,,,1.700,1.700,1.700,,,?,RBR,,,Inga_edulis-AlmeidaBraga-2012-400x
Lachesiodendron viridiflorum,LiauKang,15,,Lachesiodendron viridiflorum,Lachesiodendron_viridiflorum,Lachesiodendron,viridiflorum,,Species,8,,tetrahedral,,verrucate,,18,32.000,24.071,26.000,44.000,35.739,1.036,1.626,1.331,0.660,1.044,0.852,,,A. Salino 3306 / Carvalho 3953 / Queiroz 7828 / Salino 3306,ESA / HUEFS / HUEFS / HUEFS,HUEFS 35810 / HUEFS 16194 / HUEFS 72586 / HUEFS 35810,,Lachesiodendron_viridiflorum-Ribeiro-2018-10Î¼m / Lachesiodendron_viridiflorum-2-Ribeiro-2018-10Î¼m / Lachesiodendron_viridiflorum-3-Ribeiro-2018-10Î¼m / Lachesiodendron_viridiflorum-4-Ribeiro-2018-10Î¼m
Marlimorimia bahiana,Caccavari - 2002 / Ribeiro - 2018,,,Pseudopiptadenia bahiana,Marlimorimia_bahiana,Marlimorimia,bahiana,,Species,16,oval,,,psilate,,27.5,37.500,32.700,30.000,50.000,40.575,,,,1.000,1.000,1.000,,,Mori et King 12188 / Queiroz 9574 / Queiroz 9970 / Queiroz 9989,RB / HUEFS / HUEFS / HUEFS,US 2857049 / HUEFS 86067 / HUEFS 91287 / HUEFS 91307,,Pseudopiptadenia_bahiana-Ribeiro-2018-10Î¼m / Pseudopiptadenia_bahiana-2-Ribeiro-2018-10Î¼m / Pseudopiptadenia_bahiana-3-Ribeiro-2018-10Î¼m / Pseudopiptadenia_bahiana-4-Ribeiro-2018-10Î¼m
Marlimorimia contorta,LiauKang/ Caccavari - 2002 / Ribeiro - 2018,53,,Pseudopiptadenia contorta,Marlimorimia_contorta,Marlimorimia,contorta,,Species,16,oval,,,psilate,,16.872,37.500,27.513,30.000,47.500,37.520,0.522,0.815,0.669,,,0.605,,,Francisco de S. N. ThomÃ© 03 / Ortandi 305 / Hatschbach 35398 / Queiroz 3700 / Queiroz 4234,ESA / RB / HUEFS / HUEFS / HUEFS,UB 140360 / HUEFS 146828 / HUEFS 14919 / HUEFS 18663,,Pseudopiptadenia_contorta-Ribeiro-2018-10Î¼m / Pseudopiptadenia_contorta-2-Ribeiro-2018-10Î¼m / Pseudopiptadenia_contorta-3-Ribeiro-2018-10Î¼m / Pseudopiptadenia_contorta-4-Ribeiro-2018-10Î¼m
Marlimorimia psilostachya,Caccavari - 2002,,,Pseudopiptadenia psilostachya,Marlimorimia_psilostachya,Marlimorimia,psilostachya,,Species,16,oval,,,,,,,,,,40.000,,,,,,,,,A. Ducke 15334,RB,,,
Marlimorimia warmingii,Barth & Yoneshigue - 1966,,,Newtonia glaziovii,Marlimorimia_warmingii,Marlimorimia,warmingii,,Species,12&16,elliptical&oval,irregular arangement polyad,,psilate,4,33.6,42.000,37.800,40.000,52.500,46.250,2.500,,2.500,,,2.500,,0.800,Reitz e Klein 5608,HBR,HBR 25859,,
Microlobius foetidus,LiauKang/ Caccavari - 2002,58,,Microlobius foetidus / Microlobius foetidus subs. paraguensis,Microlobius_foetidus,Microlobius,foetidus,,Species,8,oval,tetrahedral,multiplanar,verrucate scabrate,,14.038,21.800,17.275,18.232,33.311,24.679,0.330,0.753,0.542,0.148,0.295,0.222,,,A. M. de Almeida 236 / Rojas 1787,CEN / SI,CEN 89347 / MO 2187576,,Microlobius_foetidus-Caccavari-2002-10Âµm / Microlobius_foetidus-2-Caccavari-2002-10Âµm / Microlobius_foetidus-3-Caccavari-2002-10Âµm
Mimosa acantholoba,LiauKang,59,x,Mimosa acantholoba,Mimosa_acantholoba,Mimosa,acantholoba,,Species,8,elliptical,rhomboidal,multiplanar,areolate,,7.263,9.607,8.529,10.265,14.004,12.800,0.104,0.209,0.157,0.104,0.313,0.209,,,M. F. Simon 826,CEN,,,
Mimosa acutistipula,Santos-Silva - 2013,,,Mimosa acutistipula,Mimosa_acutistipula,Mimosa,acutistipula,,Species,8,elliptical,rhomboidal,multiplanar,verrucate,,11,15.000,12.100,16.000,20.000,17.900,,,,,,,,,F. FranÃ§a 2262 / A. J. Castro s.n.,HUEFS / UEC 46098,,,Mimosa_acutistipula-Santos-Silva-2013-10Î¼m
Mimosa acutistipula var. acutistipula,Lima - 2008,,,Mimosa acutistipula var. acutistipula,Mimosa_acutistipula_acutistipula,Mimosa,acutistipula,acutistipula,Variety,8,,rhomboidal&tetrahedral,multiplanar,areolate&verrucate,,11.5,14.000,12.600,15.000,19.000,16.900,,,,1.000,1.000,1.000,,,E.B. Miranda 343 /  L.P. Queiroz et al. 6561,HUEFS / HUEFS,,,Mimosa_acutistipula_var. acutistipula-Lima-2008-5Î¼m / Mimosa_acutistipula_var. acutistipula-2-Lima-2008-5Î¼m
Mimosa adenocarpa,LiauKang,37,x,Mimosa adenocarpa,Mimosa_adenocarpa,Mimosa,adenocarpa,,Species,4,circular,decussate&tetrahedral,multiplanar,areolate&verrucate,4,7.5,15.300,11.067,10.000,21.580,14.466,0.467,0.963,0.715,0.313,0.562,0.438,,,F. G. Pereira 288 / CFCR 2109 / L.M. Borges 487,ESA / SPF / SPF,RB 640836,,
Mimosa adenophylla,Santos-Silva - 2013,,,Mimosa adenophylla,Mimosa_adenophylla,Mimosa,adenophylla,,Species,4,elliptical,,,verrucate scabrate,,14,17.000,15.500,19.000,25.000,22.000,,,,,,,,,J. S. Silva 988,UEC,,,
Mimosa adenophylla var. armandiana,Lima - 2008,,,Mimosa adenophylla var. armandiana,Mimosa_adenophylla_armandiana,Mimosa,adenophylla,armandiana,Variety,2&4,,decussate&rhomboidal,multiplanar&uniplanar,areolate&verrucate,,15,18.000,16.400,20.000,26.000,21.500,,,,1.000,1.000,1.000,,,R.M. Harley et al. 21605 / L.P. Queiroz & N.S. Nascimento 3694 / A.M. Giulietti & R.M. Harley 2075,CEPEC / HUEFS / HUEFS,,,Mimosa_adenophylla_var. armandiana-Lima-2008-5Î¼m / Mimosa_adenophylla_var. armandiana-2-Lima-2008-5Î¼m
Mimosa adenophylla var. mitis,Lima - 2008,,,Mimosa adenophylla var. mitis,Mimosa_adenophylla_mitis,Mimosa,adenophylla,mitis,Variety,2&4,,decussate&rhomboidal,multiplanar&uniplanar,areolate&verrucate,,14,17.000,15.400,20.000,25.000,22.000,,,,1.000,1.000,1.000,,,W.N. Fonseca 214 / R.P. Orlandi 389 / L.C.L. Lima et al. 175 / L.C.L. Lima et al. 184 /  L.C.L. Lima et al. 186,HRB / HRB / HUEFS 97657 / HUEFS 102068 / HUEFS 102066,,,Mimosa_adenophylla_var. mitis-Lima-2008-5Î¼m / Mimosa_adenophylla_var. mitis-2-Lima-2008-5Î¼m / Mimosa_adenophylla_var. mitis-3-Lima-2008-5Î¼m / Mimosa_adenophylla_var. mitis-4-Lima-2008-5Î¼m / Mimosa_adenophylla_var. mitis-5-Lima-2008-5Î¼m
Mimosa adenotricha,LiauKang,34,x,Mimosa adenotricha,Mimosa_adenotricha,Mimosa,adenotricha,,Species,4,elliptical,decussate&tetragonal&tetrahedral,multiplanar,areolate&verrucate,4,8.8,15.000,11.936,12.094,18.700,16.338,0.701,1.191,0.946,0.209,0.467,0.338,,,V. C. Souza 22449 / R. Mello-Silva 3162,ESA / SPF,HUEFS 193429 / NY 02702151,,
Mimosa aguapeia,LiauKang,,x,Mimosa aguapeia,Mimosa_aguapeia,Mimosa,aguapeia,,Species,4,elliptical,rhomboidal,uniplanar,areolate,4,15,20.000,18.500,20.000,27.500,24.800,,,,,,,,,L.M. Borges SN,SPF,,,
Mimosa albolanata var. brasiliana,LiauKang,,x,Mimosa albolanata var. brasiliana,Mimosa_albolanata_brasiliana,Mimosa,albolanata,brasiliana,Variety,4,elliptical,decussate&rhomboidal,multiplanar,areolate,4,12.5,15.000,13.100,17.300,25.000,20.400,,,,,,,,,N.T. Silva 57165,SPF,,,
Mimosa amnis-atri,Santos-Silva - 2013,,,Mimosa amnis-atri,Mimosa_amnisatri,Mimosa,amnis-atri,,Species,4,elliptical,rhomboidal,uniplanar,,,10,16.500,13.100,11.300,17.500,12.700,,,,,,,,,J. S. Silva 976 / M. Batalha 3589,UEC / UB,,,Mimosa_amnis-atri-Santos-Silva-2013-10Î¼m
Mimosa apodocarpa,Santos-Silva - 2013,,,Mimosa apodocarpa,Mimosa_apodocarpa,Mimosa,apodocarpa,,Species,4,elliptical,rhomboidal,uniplanar,,,10.7,17.100,14.500,12.100,18.700,14.200,,,,,,,,,A. L. B. Sartori 599 / G. J. Shepherd 7520,UEC / UEC,,,Mimosa_apodocarpa-Santos-Silva-2013-10Î¼m
Mimosa arenosa,Buril - 2010,,,Mimosa arenosa,Mimosa_arenosa,Mimosa,arenosa,,Species,8,,rhomboidal&tetragonal,multiplanar,,3&4&5,9.6,11.500,10.100,12.500,15.400,13.800,,,,,,,,,E. CÃ³rdula 301 / J.S. Silva 196,UFP / UFP,UFP 47481 / UFP 47475,,Mimosa_arenosa-Buril-2010-5Î¼m / Mimosa_arenosa-2-Buril-2010-5Î¼m / Mimosa_arenosa-3-Buril-2010-5Î¼m / Mimosa_arenosa-Buril-2010-5Î¼m / Mimosa_arenosa-2-Buril-2010-5Î¼m / Mimosa_arenosa-3-Buril-2010-5Î¼m
Mimosa arenosa var. arenosa,Lima - 2008,,,Mimosa arenosa var. arenosa,Mimosa_arenosa_arenosa,Mimosa,arenosa,arenosa,Variety,8,,rhomboidal,multiplanar,areolate&verrucate,,9,12.000,9.700,13.000,16.000,14.200,,,,1.200,1.200,1.200,,,L.C.L. Lima et al. 174,HUEFS,,,Mimosa_arenosa_var. arenosa-Lima-2008-5Î¼m
Mimosa artemisiana,Santos-Silva - 2013,,,Mimosa artemisiana,Mimosa_artemisiana,Mimosa,artemisiana,,Species,4,elliptical,,,,,11,20.000,15.500,14.000,39.000,25.000,,,,,,,,,E. P. Heringer 6858 / H. F. LeitÃ£o Filho 7922,UEC / UEC,,,
Mimosa aurivillus var. aurivillus,LiauKang,26,x,Mimosa aurivillus var. aurivillus,Mimosa_aurivillus_aurivillus,Mimosa,aurivillus,aurivillus,Variety,4,circular,decussate&tetrahedral,multiplanar,verrucate,,10.214,12.764,11.282,11.968,15.447,14.001,1.044,1.401,1.223,0.669,0.990,0.830,,,R. M. Harley 27240,ESA,,,
Mimosa bimucronata,Freitas-Cruz - 2018 / LiauKang/ Barth & Yoneshigue - 1966 / Barth 1973,30,,Mimosa bimucronata,Mimosa_bimucronata,Mimosa,bimucronata,,Species,8,,decussate&tetrahedral,multiplanar,psilate&rugulate&verrucate,3&4,8.32,10.000,10.855,10.610,17.500,14.855,0.100,0.300,0.200,0.100,0.230,0.165,1.500,0.500,"R Klein 1117 / M Brunet 1888 / Fedele, Mauricio s.n. / O. M. Barth 34-M",R / R / ESA / HBR,NY 419031 / R64069 / ESA 12850 / HBR 81,"HBR 25709 / O. M. Barth 34 = RFA 28066 = Plantae, Rubiaceae",Mimosa_bimucronata-Cruz-2018-5Î¼m / Mimosa_bimucronata-2-Cruz-2018-5Î¼m /  Mimosa_bimucronata-3-Cruz-2018-5Î¼m / Mimosa_bimucronata-4-Cruz-2018-2Î¼m
Mimosa bimucronata var. bimucronata,Lima - 2008,,,Mimosa bimucronata var. bimucronata,Mimosa_bimucronata_bimucronata,Mimosa,bimucronata,bimucronata,Variety,8,,,multiplanar,areolate&verrucate,,11,12.000,11.200,14.000,16.000,15.400,,,,1.000,1.000,1.000,,,L.P. Queiroz et al. 3802,HUEFS,,,
Mimosa borboremae,Lima - 2008,,,Mimosa borboremae,Mimosa_borboremae,Mimosa,borboremae,,Species,4,,decussate&tetrahedral,multiplanar,areolate&verrucate,3&4,8,9.000,8.700,11.000,12.500,11.900,,,,0.500,0.500,0.500,,,A.G. Silva & L.M. Nascimento 310,IPA,,,Mimosa_borboremae-Lima-2008-5Î¼m
Mimosa caerulea,Medina-Acosta-2018,,,Mimosa caerulea,Mimosa_caerulea,Mimosa,caerulea,,Species,4,circular&elliptical,tetrahedral,multiplanar,microverrucate&rugulate,3,10.8,10.800,,14.000,14.000,14.000,1.600,1.600,1.600,1.060,1.060,1.060,,,J. Rzedowski 20822 / M. Flores-Cruz 916 / V. Diego-Escobar et al. 19,UAMIZ22484 / UAMIZ40116 / UAMIZ55295,,,Mimosa_caerulea-Medina-Acosta-2018-5Î¼m / Mimosa_caerulea-2-Medina-Acosta-2018-5Î¼m / Mimosa_caerulea-3-Medina-Acosta-2018-5Î¼m / Mimosa_caerulea-4-Medina-Acosta-2018-2Î¼m / Mimosa_caerulea-5-Medina-Acosta-2018-1Î¼m / Mimosa_caerulea-6-Medina-Acosta-2018-2Î¼m / Mimosa_caerulea-7-Medina-Acosta-2018-200nm / Mimosa_caerulea-8-Medina-Acosta-2018-200nm
Mimosa caesalpiniifolia,Lima - 2008,,,Mimosa caesalpiniifolia,Mimosa_caesalpiniifolia,Mimosa,caesalpiniifolia,,Species,8,,rhomboidal,multiplanar,areolate&verrucate,,9,10.500,9.800,12.000,13.500,12.900,,,,1.000,1.000,1.000,,,M.M. Silva et al.397,HUEFS,,,Mimosa_caesalpiniifolia-Lima-2008-5Î¼m / Mimosa_caesalpiniifolia-2-Lima-2008-5Î¼m
Mimosa calcicola,Medina-Acosta-2018,,,Mimosa calcicola,Mimosa_calcicola,Mimosa,calcicola,,Species,8,elliptical,rhomboidal&tetragonal,multiplanar,microverrucate&rugulate,3&4,11.7,15.120,12.880,15.300,18.540,16.730,0.800,0.800,0.800,0.900,0.900,0.900,,,S. A. MontÃ£no Arias et al. 15 / A. MartÃ­nez-Bernal et al. 277 / A. MartÃ­nez-Bernal et al. 266,UAMIZ65758 / UAMIZ68082 / -,,,Mimosa_calcicola-Medina-Acosta-2018-10Î¼m / Mimosa_calcicola-2-Medina-Acosta-2018-2Î¼m / Mimosa_calcicola-3-Medina-Acosta-2018-2Î¼m / Mimosa_calcicola-4-Medina-Acosta-2018-2Î¼m / Mimosa_calcicola-5-Medina-Acosta-2018-200nm / Mimosa_calcicola-6-Medina-Acosta-2018-200nm
Mimosa campicola var. campicola,Lima - 2008,,,Mimosa campicola var. campicola,Mimosa_campicola_campicola,Mimosa,campicola,campicola,Variety,4,,decussate&rhomboidal,multiplanar&uniplanar,areolate&verrucate,3&4,21,27.000,23.700,25.500,32.000,29.500,,,,1.000,1.000,1.000,,,A.M. Carvalho & J. Saunders 2886,HUEFS,,,
Mimosa candollei,LiauKang/ Buril - 2010 / Lima - 2008,23,,Mimosa candollei  / Mimosa quadrivalvis var. leptocarpa,Mimosa_candollei,Mimosa,candollei,,Species,4,elliptical&oval,rhomboidal&tetrahedral,multiplanar&uniplanar,areolate&verrucate,3&4,23.09,35.500,29.370,29.380,41.000,35.674,0.320,0.650,0.485,0.230,0.360,0.295,0.567,0.567,"C. Delfini 234, G. O. Romao & J. Rigon / S. Vieira 135, A. O. Araujo, R. Tsuji e G. S. C. Almeida / D.A. AraÃºjo 207 / E. CÃ³rdula 30 / E. CÃ³rdula 275 / L.C.L. Lima et al. 182",ESA / UFP / UFP / UFP / HUEFS,ESA 120662 / ESA 85866 / UFP 47363 / UFP 47362 / UFP 47419 / HUEFS 97664,,"Mimosa_quadrivalvis_var. leptocarpa-Buril-2010-5Î¼m / Mimosa_quadrivalvis_var. leptocarpa-2-Buril-2010-5Î¼m / Mimosa_quadrivalvis_var. leptocarpa-3-Buril-2010-5Î¼m / Mimosa_quadrivalvis_var. leptocarpa-Buril-2010-5Î¼m / Mimosa_quadrivalvis_var. leptocarpa-2-Buril-2010-5Î¼m / Mimosa_quadrivalvis_var. leptocarpa-3-Buril-2010-5Î¼m / Mimosa_quadrivalvis_var. leptocarpa-Buril-2010-5Î¼m / Mimosa_quadrivalvis_var. leptocarpa-2-Buril-2010-5Î¼m / Mimosa_quadrivalvis_var. leptocarpa-3-Buril-2010-5Î¼m / Mimosa_quadrivalvis_var. leptocarpa-Lima-2008-5Î¼m / Mimosa_quadrivalvis_var. leptocarpa-2-Lima-2008-2,5Î¼m"
Mimosa capito,LiauKang,,x,Mimosa capito,Mimosa_capito,Mimosa,capito,,Species,4,elliptical,decussate,multiplanar,areolate,4,11.2,13.800,12.700,17.700,22.500,20.100,,,,,,,,,J.A. Ratter 2619,SPF,,,
Mimosa ceratonia,Freitas-Cruz - 2018,,,Mimosa ceratonia,Mimosa_ceratonia,Mimosa,ceratonia,,Species,16,,,,rugulate,,17.5,25.000,20.600,22.500,22.750,23.500,,,,2.000,2.000,2.000,1.000,1.000,E Santos 1500 & E Fromm 1478,HB,,,Mimosa_ceratonia-Cruz-2018-5Î¼m / Mimosa_ceratonia-2-Cruz-2018-5Î¼m / Mimosa_ceratonia-3-Cruz-2018-5Î¼m
Mimosa ceratonia var. pseudo-obovata,LiauKang,35,x,Mimosa ceratonia var. pseudo-obovata,Mimosa_ceratonia_pseudoobovata,Mimosa,ceratonia,pseudo-obovata,Variety,4&8,elliptical,tetrahedral,multiplanar,areolate&rugulate,,10.051,12.472,10.843,13.237,14.876,14.130,0.202,0.364,0.283,0.202,0.364,0.283,,,"H. C. de Lima 2797 (ESA 121223, RB 258411)",ESA,,,
Mimosa claussenii var. claussenii,LiauKang,,x,Mimosa claussenii var. claussenii,Mimosa_claussenii_claussenii,Mimosa,claussenii,claussenii,Variety,4,elliptical,decussate&tetragonal&tetrahedral,multiplanar,areolate,4,12.5,15.000,12.900,12.500,20.000,19.800,,,,,,,,,Pirani 1559,SPF,,,
Mimosa claussenii var. claviceps,LiauKang,,x,Mimosa claussenii var. claviceps,Mimosa_claussenii_claviceps,Mimosa,claussenii,claviceps,Variety,4,elliptical,decussate,multiplanar,areolate,4,,,14.300,,,23.000,,,,,,,,,T.B. Cavalcante 1323,SPF,,,
Mimosa cordistipula,Lima - 2008,,,Mimosa cordistipula,Mimosa_cordistipula,Mimosa,cordistipula,,Species,4,,decussate,multiplanar,areolate&verrucate,,21,23.000,21.700,25.000,28.000,26.100,,,,1.000,1.000,1.000,,,A. Oliveira et al. 86,HUEFS,,,Mimosa_cordistipula-Lima-2008-5Î¼m / Mimosa_cordistipula-2-Lima-2008-5Î¼m
Mimosa coruscocaesia,Santos-Silva - 2013,,,Mimosa coruscocaesia,Mimosa_coruscocaesia,Mimosa,coruscocaesia,,Species,4,elliptical,rhomboidal,uniplanar,,,12.5,15.600,13.800,17.800,22.500,19.700,,,,,,,,,G. Hatschbach 39486 / M. F. Simon 324,MBM / UB,,,Mimosa_coruscocaesia-Santos-Silva-2013-10Î¼m / Mimosa_coruscocaesia-2-Santos-Silva-2013-10Î¼m
Mimosa craspedisetosa,Santos-Silva - 2013,,,Mimosa craspedisetosa / Mimosa ferricola,Mimosa_craspedisetosa,Mimosa,craspedisetosa,,Species,4,elliptical,rhomboidal,uniplanar,,,8,18.600,12.200,10.500,23.300,15.250,,,,,,,,,A. Fuentes and G. Navarro 2195 / G. Hatschbach 60807,NY / MBM,,,Mimosa_craspedisetosa-Santos-Silva-2013-10Î¼m
Mimosa cruenta,LiauKang,46,x,Mimosa cruenta,Mimosa_cruenta,Mimosa,cruenta,,Species,4,elliptical,tetrahedral,multiplanar,microverrucate&rugulate,,8.564,10.635,9.537,12.853,17.137,14.905,0.660,0.901,0.781,0.104,0.209,0.157,,,JA Jarenkow 3672 (ESA 60484),ESA,,,
Mimosa daleoides,Medina-Acosta-2018,,,Mimosa daleoides,Mimosa_daleoides,Mimosa,daleoides,,Species,4,,tetragonal,uniplanar,verrucate,4&5,27,37.800,31.270,27.900,38.700,32.540,3.550,,3.550,1.570,1.570,1.570,,,E. Barbosa 2663 / E. Zardini et al. 15387 / W. Hahn et al. 894,MEXU1312835 / MEXU632254 / MEXU452097,,,Mimosa_daleoides-Medina-Acosta-2018-10Î¼m / Mimosa_daleoides-2-Medina-Acosta-2018-10Î¼m / Mimosa_daleoides-3-Medina-Acosta-2018-10Î¼m / Mimosa_daleoides-4-Medina-Acosta-2018-10Î¼m / Mimosa_daleoides-5-Medina-Acosta-2018-5Î¼m / Mimosa_daleoides-6-Medina-Acosta-2018-5Î¼m / Mimosa_daleoides-7-Medina-Acosta-2018-2Î¼m / Mimosa_daleoides-8-Medina-Acosta-2018-2Î¼m / Mimosa_daleoides-9-Medina-Acosta-2018-0.5Î¼m / Mimosa_daleoides-10-Medina-Acosta-2018-1Î¼m
Mimosa dalyi,Santos-Silva - 2013,,,Mimosa dalyi,Mimosa_dalyi,Mimosa,dalyi,,Species,4,elliptical,rhomboidal,uniplanar,,,11.8,14.000,13.000,14.800,17.000,15.600,,,,,,,,,M. Nee 37871,NY,,,Mimosa_dalyi-Santos-Silva-2013-10Î¼m
Mimosa debilis var. debilis,Lima - 2008,,,Mimosa debilis var. debilis,Mimosa_debilis_debilis,Mimosa,debilis,debilis,Variety,4,,decussate&tetrahedral,multiplanar,areolate,,10,11.000,10.200,10.000,11.000,10.700,,,,0.800,0.800,0.800,,,T.S. Nunes et al. 1027,HUEFS,,,Mimosa_debilis_var. debilis-Lima-2008-5Î¼m
Mimosa dichroa,Santos-Silva - 2013,,,Mimosa dichroa,Mimosa_dichroa,Mimosa,dichroa,,Species,8,elliptical,tetragonal,multiplanar,,,8.5,9.000,8.900,10.000,11.000,10.500,,,,,,,,,G. Pereira-Silva 4565 / H.G.P. dos Santos 424,CEN / UEC,,,Mimosa_dichroa-Santos-Silva-2013-10Î¼m
Mimosa diplotricha var. diplotricha,LiauKang,26,x,Mimosa diplotricha var. diplotricha,Mimosa_diplotricha_diplotricha,Mimosa,diplotricha,diplotricha,Variety,4,elliptical,rhomboidal,uniplanar,microverrucate,,23.661,28.220,25.966,29.943,40.221,34.061,1.044,1.670,1.357,0.835,1.337,1.086,,,"Kuntz, J. 445",ESA,,,
Mimosa dolens var. dolens,LiauKang,63,x,Mimosa dolens var. dolens,Mimosa_dolens_dolens,Mimosa,dolens,dolens,Variety,4,circular,tetrahedral,multiplanar,verrucate,,10.385,13.539,11.988,11.566,14.235,13.169,0.204,0.323,0.264,0.204,0.306,0.268,,,,,,,
Mimosa dryandroides,LiauKang,39,x,Mimosa dryandoides,Mimosa_dryandroides,Mimosa,dryandroides,,Species,4,elliptical,decussate&tetrahedral,multiplanar,areolate&verrucate,,7.305,9.840,8.682,11.648,15.195,13.117,0.522,0.669,0.596,0.148,0.330,0.239,,,J. M. 38180 ( ESA 129629),ESA,,,
Mimosa elliptica,Freitas-Cruz - 2018,,,Mimosa elliptica,Mimosa_elliptica,Mimosa,elliptica,,Species,8,,rhomboidal,multiplanar,rugulate,3&4,20,22.500,22.000,27.500,32.500,27.800,,,,2.000,2.000,2.000,1.000,1.000,Sampaio 1325,R,,,Mimosa_elliptica-Cruz-2018-5Î¼m / Mimosa_elliptica-2-Cruz-2018-5Î¼m / Mimosa_elliptica-3-Cruz-2018-5Î¼m
Mimosa ephedroides,Caccavari - 2002,,,Mimosa ephedroides,Mimosa_ephedroides,Mimosa,ephedroides,,Species,8,oval,tetragonal,multiplanar,,,,,,,,18.000,,,,,,,,,Sayago 2427,SI,,,Mimosa_ephedroides-Caccavari-2002-10Âµm
Mimosa exalbescens,Lima - 2008,,,Mimosa exalbescens,Mimosa_exalbescens,Mimosa,exalbescens,,Species,8,,,multiplanar,areolate&verrucate,,10,11.000,10.500,13.000,15.000,13.800,,,,0.500,0.500,0.500,,,F. FranÃ§a et al. 3865,HUEFS,,,Mimosa_exalbescens-Lima-2008-5Î¼m
Mimosa fiebrigii,Santos-Silva - 2013,,,Mimosa fiebrigii,Mimosa_fiebrigii,Mimosa,fiebrigii,,Species,4,elliptical,rhomboidal,uniplanar,,,10.6,16.500,14.500,15.600,20.500,17.100,,,,,,,,,J. S. Silva and G. H. Shimizu 911 / S. A. Faria and H. C. Lima s.n.,UEC / SMF 1432,,,Mimosa_fiebrigii-Santos-Silva-2013-10Î¼m / Mimosa_fiebrigii-2-Santos-Silva-2013-10Î¼m
Mimosa filipes,Lima - 2008,,,Mimosa filipes,Mimosa_filipes,Mimosa,filipes,,Species,4,,decussate,multiplanar,areolate&verrucate,3&4,17.5,22.500,20.500,20.000,25.000,21.700,,,,1.100,1.100,1.100,,,L.C.L. Lima et al. 170 / L.C.L. Lima et al. 176,HUEFS / HUEFS,,,
Mimosa floridana,Flores-Cruz - 2006,,,Mimosa quadrivalvis var. floridana,Mimosa_floridana,Mimosa,floridana,,Species,4,elliptical,,,verrucate,,25,25.000,25.000,28.000,28.000,28.000,1.300,1.300,1.300,1.300,1.300,1.300,,,"O. Lakela 24550, 24712",TEX,,,
Mimosa foliolosa var. brevibractea,LiauKang,,x,Mimosa foliolosa var. brevibractea,Mimosa_foliolosa_brevibractea,Mimosa,foliolosa,brevibractea,Variety,4,elliptical,decussate&rhomboidal,multiplanar&uniplanar,areolate,4,12,15.000,13.000,17.500,22.500,20.100,,,,,,,,,CFCR 1061,SPF,,,
Mimosa foliolosa var. franciscana,LiauKang,,x,Mimosa foliolosa var. franciscana,Mimosa_foliolosa_franciscana,Mimosa,foliolosa,franciscana,Variety,4,elliptical,decussate&rhomboidal,multiplanar&uniplanar,areolate,4,10.9,13.000,12.500,15.500,22.500,20.600,,,,,,,,,CFCR 15241,SPF,,,
Mimosa foliolosa var. multipinna,LiauKang,,x,Mimosa foliolosa var. multipinna,Mimosa_foliolosa_multipinna,Mimosa,foliolosa,multipinna,Variety,4,elliptical,decussate&rhomboidal,multiplanar,areolate,4,12.5,15.000,13.100,17.500,22.500,19.700,,,,,,,,,W. Thomas 5794,SPF,,,
Mimosa foliolosa var. pachycarpa,LiauKang,32,x,Mimosa foliolosa var. pachycarpa,Mimosa_foliolosa_pachycarpa,Mimosa,foliolosa,pachycarpa,Variety,4,elliptical,rhomboidal,multiplanar,areolate,,10.536,17.595,13.474,15.661,22.439,18.019,0.319,0.606,0.463,0.303,0.452,0.378,,,"V. C. Souza 10280, J. Paula-Souza, V. R. Scalon, F. J. Campos 10280 (ESA 36094)",ESA,,,
Mimosa foliolosa var. paranani,LiauKang,10,x,Mimosa foliolosa var. paranani,Mimosa_foliolosa_paranani,Mimosa,foliolosa,paranani,Variety,4,elliptical,rhomboidal&tetrahedral,,areolate&microverrucate,,17.74,21.360,19.579,11.075,14.194,12.459,0.198,0.396,0.297,0.198,0.289,0.233,,,YBS76,SPSC,,,
Mimosa foliolosa var. pubescens,LiauKang,"41, 64",x,Mimosa foliolosa var. pubescens,Mimosa_foliolosa_pubescens,Mimosa,foliolosa,pubescens,Variety,4,elliptical,rhomboidal&tetrahedral,multiplanar&uniplanar,areolate&microverrucate,,11.519,14.766,13.304,17.084,21.566,19.138,0.635,1.044,0.840,0.295,0.418,0.357,,,J. Paula-Souza 4270 / M. F. Simon 2578,ESA /CEN,,,
Mimosa foliolosa var. vernicosa,LiauKang,,x,Mimosa foliolosa var. vernicosa,Mimosa_foliolosa_vernicosa,Mimosa,foliolosa,vernicosa,Species,4,elliptical,decussate&tetragonal&tetrahedral,multiplanar&uniplanar,areolate,4,10,13.700,12.120,17.500,22.500,18.80,,,,,,,,,"A. Furlan, CFCR 3208",SPF,,,
Mimosa foliolosa var. viscidula,LiauKang,,x,Mimosa foliolosa var. viscidula,Mimosa_foliolosa_viscidula,Mimosa,foliolosa,viscidula,Variety,4,elliptical,decussate,multiplanar,areolate,4,11.3,16.000,13.000,18.700,22.500,20.600,,,,,,,,,CFCR 10502,SPF,,,
Mimosa gemmulata,LiauKang/ Lima - 2008 / Santos-Silva - 2013,,,Mimosa gemmulata,Mimosa_gemmulata,Mimosa,gemmulata,,Species,4,elliptical,decussate&tetrahedral&tetragonal,uniplanar,areolate&verrucate,,9.93,20.000,15.617,14.580,25.000,21.143,,,,1.000,1.000,1.000,,,M.L.S. Guedes et al. 7934 / R. M. Harley 21116 / A. M. G. A. Tozzi and L. S. Kinoshita 526 / G. Hatschbach 55117,HUEFS / UEC / UEC / MBM,HUEFS 55378 / US 2965619 / UEC 125252 / MBM 140974,,Mimosa_gemmulata-Santos-Silva-2013-1Î¼m / Mimosa_gemmulata-2-Santos-Silva-2013-1Î¼m
Mimosa glutinosa,Santos-Silva - 2013,,,Mimosa glutinosa,Mimosa_glutinosa,Mimosa,glutinosa,,Species,4,elliptical,rhomboidal,uniplanar,,,10,14.500,12.800,16.800,20.000,18.500,,,,,,,,,J. S. Silva 857 / J. S. Silva and J. C. GalvÃ£o 852,UEC / UEC,,,Mimosa_glutinosa-Santos-Silva-2013-10Î¼m / Mimosa_glutinosa-2-Santos-Silva-2013-1Î¼m
Mimosa guilandinae var. extensissima,Caccavari - 2002,,,Mimosa guilandinae var. extensissima,Mimosa_guilandinae_extensissima,Mimosa,guilandinae,extensissima,Variety,16,elliptical,irregular arangement polyad,multiplanar,areolate,,,,,,,23.000,,,,,,,,,Schunke 1881 COL.136017,COL,,,Mimosa_guilandinae_var. extensissima-Caccavari-2002-10Âµm / Mimosa_guilandinae_var. extenssisima-2-Caccavari-2002-10Âµm / Mimosa_guilandinae_var. extenssisima-3-Caccavari-2002-10Âµm
Mimosa hapaloclada,Santos-Silva - 2013,,,Mimosa hapaloclada,Mimosa_hapaloclada,Mimosa,hapaloclada,,Species,8,elliptical,,multiplanar,,,10,17.700,15.500,19.700,24.200,22.100,,,,,,,,,F. R. Martins 16250 / G. Hatschbach 60460,UEC / MBM,,,Mimosa_hapaloclada-Santos-Silva-2013-1Î¼m
Mimosa hebecarpa,Santos-Silva - 2013,,,Mimosa hebecarpa,Mimosa_hebecarpa,Mimosa,hebecarpa,,Species,4,elliptical,rhomboidal,uniplanar,,,13,15.200,14.000,17.200,22.000,18.100,,,,,,,,,H. F. LeitÃ£o Filho 2113 / J. S. Silva and G. H. Shimizu 952,UEC / UEC,,,Mimosa_hebecarpa-Santos-Silva-2013-1Î¼m
Mimosa hexandra,Lima - 2008,,,Mimosa hexandra,Mimosa_hexandra,Mimosa,hexandra,,Species,8,,,multiplanar,areolate&verrucate,,10,11.500,10.900,13.000,16.000,14.600,,,,0.500,0.500,0.500,,,A.T.A. Rodarte 133,HUEFS,,,Mimosa_hexandra-Lima-2008-5Î¼m
Mimosa hystricina,Flores-Cruz - 2006,,,Mimosa hystricina,Mimosa_hystricina,Mimosa,hystricina,,Species,4,elliptical,decussate,multiplanar,verrucate,,24,24.000,24.000,27.000,27.000,27.000,1.300,1.300,1.300,1.300,1.300,1.300,,,D. S. Correll 32974 /  A. Lasseigne 1577,TEX / MEXU,,,Mimosa_hystricina-Flores-Cruz-2006-10Î¼m / Mimosa_hystricina-2-Flores-Cruz-2006-1Î¼m
Mimosa insignis,Santos-Silva - 2013,,,Mimosa insignis,Mimosa_insignis,Mimosa,insignis,,Species,4,elliptical,rhomboidal,uniplanar,,,11.2,13.100,12.500,13.500,20.000,16.600,,,,,,,,,J. S. Silva and G. H. Shimizu 900 / A. Pott 14130,UEC / UEC,,,Mimosa_insignis-Santos-Silva-2013-1Î¼m
Mimosa interrupta,Santos-Silva - 2013,,,Mimosa interrupta,Mimosa_interrupta,Mimosa,interrupta,,Species,4,elliptical,rhomboidal,uniplanar,,,9,13.500,10.500,15.000,19.000,17.500,,,,,,,,,A. Pott 14130 / J. A. Ratter and A. J. Santos s.n.,UEC / UEC,,,Mimosa_interrupta-Santos-Silva-2013-1Î¼m
Mimosa invisa,Buril - 2010 / Lima - 2008,,,Mimosa invisa,Mimosa_invisa,Mimosa,invisa,,Species,4,elliptical&oval,decussate&rhomboidal,multiplanar&uniplanar,areolate&verrucate,4,16.3,20.200,18.033,17.500,25.900,22.233,,,,1.000,1.400,1.200,,,E. CÃ³rdula 83 / E. CÃ³rdula 272 / L.P. Queiroz 5818,HUEFS / UFP / HUEFS,HUEFS 117731 / UFP 47423 / HUEFS 43565,,Mimosa_invisa-Buril-2010-5Î¼m / Mimosa_invisa-2-Buril-2010-5Î¼m / Mimosa_invisa-3-Buril-2010-5Î¼m / Mimosa_invisa-Buril-2010-5Î¼m / Mimosa_invisa-2-Buril-2010-5Î¼m / Mimosa_invisa-3-Buril-2010-5Î¼m / Mimosa_invisa-Lima-2008-5Î¼m
Mimosa invisa var. macrostachya,LiauKang,36,x,Mimosa invisa var. macrostachya,Mimosa_invisa_macrostachya,Mimosa,invisa,macrostachya,Variety,4,elliptical,rhomboidal,uniplanar,areolate,,15.045,20.318,16.959,19.822,27.114,23.787,0.418,0.842,0.630,0.209,0.467,0.338,,,L.V. B. bufo & P. C. Sabadim s.n.,ESA,,,
Mimosa irrigua,Lima - 2008,,,Mimosa irrigua,Mimosa_irrigua,Mimosa,irrigua,,Species,8,,,multiplanar,areolate&verrucate,,12,14.000,13.100,17.500,20.000,18.500,,,,1.000,1.000,1.000,,,M.L.S. Guedes et al. 7961,HUEFS,HUEFS 55081,,
Mimosa laniceps,LiauKang,,x,Mimosa laniceps,Mimosa_laniceps,Mimosa,laniceps,,Species,4,elliptical,decussate,multiplanar,areolate,4,12.5,17.600,13.500,17.500,22.500,21.000,,,,,,,,,Irwin 24658,SPF,,,
Mimosa laticifera,LiauKang/ Barth - 1973,45,,Mimosa laticifera,Mimosa_laticifera,Mimosa,laticifera,,Species,8,,rhomboidal,uniplanar,verrucate,3&4,10.5,22.623,15.572,14.000,28.909,20.403,0.425,1.001,0.713,0.200,0.425,0.313,,,VC Souza 15003 (ESA 44188) / O. M. Barth 808,ESA / ?,,,
Mimosa latidens,Flores-Cruz - 2006,,,Mimosa latidens,Mimosa_latidens,Mimosa,latidens,,Species,4,elliptical,decussate,multiplanar,verrucate,,30,30.000,30.000,33.000,33.000,33.000,1.300,1.300,1.300,1.300,1.300,1.300,,,R. Runyon 3790 / A. Heller 1179 / Rzedowski 4578 / D. Flyr 1552,TEX / BRIT / ENCB / TEX,,,Mimosa_latidens-Flores-Cruz-2006-10Î¼m
Mimosa lepidophora,Lima - 2008,,,Mimosa lepidophora,Mimosa_lepidophora,Mimosa,lepidophora,,Species,12,,irregular arangement polyad,multiplanar,areolate,,16,21.000,18.600,21.000,24.000,22.700,,,,1.100,1.100,1.100,,,L.P. Queiroz et al. 9666,HUEFS,,,Mimosa_lepidophora-Lima-2008-5Î¼m / Mimosa_lepidophora-2-Lima-2008-5Î¼m / Mimosa_lepidophora-3-Lima-2008-5Î¼m
Mimosa lewisii,Lima - 2008,,,Mimosa lewisii,Mimosa_lewisii,Mimosa,lewisii,,Species,4,,decussate,multiplanar,areolate&verrucate,,15,17.500,17.100,20.000,25.500,23.500,,,,1.100,1.100,1.100,,,L.C.L. Lima et al. 171 / L.C.L. Lima et al. 178,HUEFS / HUEFS,,,
Mimosa maguirei,LiauKang,,x,Mimosa maguirei,Mimosa_maguirei,Mimosa,maguirei,,Species,4,elliptical,decussate&tetrahedral,multiplanar,areolate,4,12.5,15.000,13.100,17.500,21.300,19.700,,,,,,,,,M.L.O. TrovÃ³ 417,SPF,,,
Mimosa manidea,LiauKang,4,x,Mimosa manidea,Mimosa_manidea,Mimosa,manidea,,Species,4,elliptical,decussate&tetrahedral,multiplanar,areolate,4,8.646,13.700,9.976,11.192,20.000,15.647,0.200,0.448,0.324,0.100,0.200,0.150,,,YBS74 / M.L.O. TrovÃ³ 462,SPSC / SPF,SPF 189849,,
Mimosa mensicola,Lima - 2008 / Santos-Silva - 2013,,,Mimosa mensicola,Mimosa_mensicola,Mimosa,mensicola,,Species,8,elliptical,,multiplanar,areolate&verrucate,,11,12.000,11.400,13.000,17.000,14.750,,,,1.000,1.000,1.000,,,F. FranÃ§a et al. 2840 / F. FranÃ§a 4687,HUEFS / HUEFS,HUEFS 37498 / HUEFS 74892,,
Mimosa misera,Lima - 2008,,,Mimosa misera,Mimosa_misera,Mimosa,misera,,Species,4,,rhomboidal,uniplanar,areolate&verrucate,,16.3,22.500,20.100,25.000,27.500,25.900,,,,1.100,1.100,1.100,,,L.C.L. Lima et al. 169 / L.C.L. Lima et al. 177,HUEFS / HUEFS,,,Mimosa_misera-Lima-2008-5Î¼m
Mimosa modesta,Lima - 2008,,,Mimosa modesta,Mimosa_modesta,Mimosa,modesta,,Species,4,,decussate&tetrahedral,multiplanar,areolate,,9,10.000,9.300,9.500,10.000,9.900,,,,0.700,0.700,0.700,,,A. Oliveira et al. 78,HUEFS,,,Mimosa_modesta-Lima-2008-5Î¼m / Mimosa_modesta-2-Lima-2008-5Î¼m
Mimosa morroensis,Lima - 2008,,,Mimosa morrÃ¶ensis,Mimosa_morroensis,Mimosa,morroensis,,Species,4,,decussate&tetrahedral,multiplanar,areolate&verrucate,3&4,8.5,9.500,9.000,10.000,12.000,11.000,,,,0.600,0.600,0.600,,,J.G.A. Nascimento & M.C. Machado 244,HUEFS,,,
Mimosa myrioglandulosa,LiauKang,11,x,Mimosa myrioglandulosa,Mimosa_myrioglandulosa,Mimosa,myrioglandulosa,,Species,4,elliptical,rhomboidal&tetragonal,multiplanar&uniplanar,areolate,,8.18,13.037,11.292,14.809,19.363,16.750,0.308,0.478,0.393,0.230,0.283,0.257,,,YBS91,SPSC,,,
Mimosa nothopteris,Santos-Silva - 2013,,,Mimosa nothopteris,Mimosa_nothopteris,Mimosa,nothopteris,,Species,4,elliptical,,multiplanar,,,10,15.000,13.000,10.500,18.400,16.500,,,,,,,,,G. P. Lewis and H. P. N. Pearson 1074,RB,,,Mimosa_nothopteris-Santos-Silva-2013-1Î¼m
Mimosa obstrigosa,Caccavari - 2002,,,Mimosa obstrigosa,Mimosa_obstrigosa,Mimosa,obstrigosa,,Species,4,,tetrahedral,multiplanar,,,,,,,,10.000,,,,,,,,,Burkart 15444,SI,,,Mimosa_obstrigosa-Caccavari-2002-10Âµm
Mimosa occidentalis,Medina-Acosta-2018,,,Mimosa occidentalis,Mimosa_occidentalis,Mimosa,occidentalis,,Species,4,circular&elliptical,tetrahedral,multiplanar,microverrucate,3,10,10.000,10.000,15.100,15.100,15.100,0.750,0.750,0.750,0.870,0.870,0.870,,,E. MartÃ­nez S. 36905 / S. Zamudio R. et al. 550 / R. Grether et al. 1361,MEXU1174698 / UAMIZ48112 / UAMIZ14179,,,Mimosa_occidentalis-Medina-Acosta-2018-5Î¼m / Mimosa_occidentalis-2-Medina-Acosta-2018-5Î¼m / Mimosa_occidentalis-3-Medina-Acosta-2018-2Î¼m / Mimosa_occidentalis-4-Medina-Acosta-2018-1Î¼m / Mimosa_occidentalis-5-Medina-Acosta-2018-2Î¼m / Mimosa_occidentalis-6-Medina-Acosta-2018-1Î¼m / Mimosa_occidentalis-7-Medina-Acosta-2018-0.5Î¼m
Mimosa oedoclada,LiauKang,1,x,Mimosa oedoclada,Mimosa_oedoclada,Mimosa,oedoclada,,Species,4,elliptical,tetrahedral&rhomboidal,multiplanar&uniplanar,areolate,,9.849,12.250,10.879,15.035,17.984,16.551,0.418,0.577,0.498,0.330,0.752,0.541,,,YBS73,SPSC,,,
Mimosa ophthalmocentra,Buril - 2010 / Lima - 2008 / Santos-Silva - 2013,,,Mimosa ophthalmocentra,Mimosa_ophthalmocentra,Mimosa,ophthalmocentra,,Species,8,elliptical,tetragonal,multiplanar,areolate&verrucate,3&4&5,7.1,12.800,9.875,10.500,19.600,13.800,,,,0.600,0.600,0.600,,,L.C.L. Lima 180 / M.F. Simon 701 / M.J.S. Lemos et al. 142 / J. S. Silva 838 / Y. Melo 214,HUEFS / HUEFS / HUEFS / UEC / UFP,HUEFS 97662 / HUEFS 117269 / HUEFS 52488 / SPF 221499 (J. S. Silva 838),,Mimosa_ophtalmocentra-Buril-2010-5Î¼m / Mimosa_ophtalmocentra-2-Buril-2010-5Î¼m / Mimosa_ophtalmocentra-3-Buril-2010-5Î¼m / Mimosa_ophtalmocentra-Buril-2010-5Î¼m / Mimosa_ophtalmocentra-2-Buril-2010-5Î¼m / Mimosa_ophtalmocentra-3-Buril-2010-5Î¼m / Mimosa_ophthalmocentra-Santos-Silva-2013-10Î¼m / Mimosa_ophthalmocentra-2-Santos-Silva-2013-SEM_ESCALA
Mimosa paludosa,LiauKang/ Lima - 2008 / LiauKang,12,,Mimosa paludosa / Mimosa setosa var. paludosa,Mimosa_paludosa,Mimosa,paludosa,,Species,4,elliptical,decussate&tetrahedral,multiplanar,areolate&verrucate,4,12.5,20.000,15.500,18.800,25.000,22.550,,,,,,1.000,,,YBS89 / A.S. ConceiÃ§Ã£o et al. 411 / Pirani 2233,SPSC / HUEFS  / SPF,HUEFS 40189 / SPF 60797,,
Mimosa papposa,Caccavari - 2002,,,Mimosa papposa,Mimosa_papposa,Mimosa,papposa,,Species,4,,tetragonal&tetrahedral,multiplanar&uniplanar,,,,,,,,12.000,,,,,,,,,,,,,Mimosa_papposa-Caccavari-2002-10Âµm
Mimosa paraibana,Lima - 2008,,,Mimosa paraibana,Mimosa_paraibana,Mimosa,paraibana,,Species,8,,,multiplanar,areolate&verrucate,,9.5,10.500,10.200,13.000,15.000,13.800,,,,0.500,0.500,0.500,,,M.F. Agra et al. 5735,HUEFS,,,Mimosa_paraibana-Lima-2008-5Î¼m
Mimosa pigra,Lima - 2008,,,Mimosa pigra,Mimosa_pigra,Mimosa,pigra,,Species,4,,decussate&rhomboidal,multiplanar&uniplanar,,,15,20.000,18.100,23.800,27.500,25.700,,,,1.000,1.000,1.000,,,L.P. Queiroz et al. 4775,HUEFS,IPA 81833,,
Mimosa pigra var. dehiscens,LiauKang,43,x,Mimosa pigra var. dehiscens  / Mimosa pigra,Mimosa_pigra_dehiscens,Mimosa,pigra,dehiscens,Variety,4,elliptical,decussate&rhomboidal,multiplanar&uniplanar,areolate&verrucate,4,13.882,20.000,16.703,20.000,27.242,22.289,0.700,0.945,0.823,0.313,0.430,0.372,,,J Paula-Souza 8103 / L.M. Borges 20,ESA / SPF,SPF 183407,J Paula-Souza 8103 = Mimosa pigra dehiscens,
Mimosa piresii,LiauKang,,x,Mimosa piresii,Mimosa_piresii,Mimosa,piresii,,Species,4,elliptical,decussate&rhomboidal,multiplanar&uniplanar,areolate,4,12.5,16.300,14.900,17.500,22.500,20.400,,,,,,,,,R.R.Riberio 1200,SPF,,,
Mimosa pithecolobioides,Lima - 2008 / LiauKang,,,Mimosa pithecolobioides,Mimosa_pithecolobioides,Mimosa,pithecolobioides,,Species,12,elliptical,irregular arangement polyad,multiplanar,areolate,,14,21.328,16.969,21.000,25.000,23.174,0.204,0.421,0.313,0.144,1.000,0.307,,,J.G. Jardim et al. 3274,HUEFS,,,Mimosa_pithecolobioides-Lima-2008-5Î¼m
Mimosa pringlei var. pringlei,Medina-Acosta-2018,,,Mimosa pringlei var. pringlei,Mimosa_pringlei_pringlei,Mimosa,pringlei,pringlei,Variety,8,elliptical,tetragonal,multiplanar,microverrucate,3&4,11.7,13.500,12.610,15.300,18.000,16.560,0.760,0.760,0.760,0.870,0.870,0.870,,,J. Rzedowski 53916 / E. Carranza 3305 / R. Grether et al. 2746,IEB53916 / - / -,,,Mimosa_pringlei_var.pringlei-Medina-Acosta-2018-10Î¼m / Mimosa_pringlei_var.pringlei-2-Medina-Acosta-2018-10Î¼m / Mimosa_pringlei_var.pringlei-3-Medina-Acosta-2018-5Î¼m / Mimosa_pringlei_var.pringlei-4-Medina-Acosta-2018-2Î¼m / Mimosa_pringlei_var.pringlei-5-Medina-Acosta-2018-200nm / Mimosa_pringlei_var.pringlei-6-Medina-Acosta-2018-200nm
Mimosa prorepens,LiauKang,,x,Mimosa prorepens,Mimosa_prorepens,Mimosa,prorepens,,Species,4,elliptical,decussate&tetrahedral,,areolate,4,10,12.600,11.800,12.500,18.000,16.900,,,,,,,,,Hatschback 60171,SPF,,,
Mimosa pseudosepiaria,Lima - 2008,,,Mimosa pseudosepiaria,Mimosa_pseudosepiaria,Mimosa,pseudosepiaria,,Species,8,,,multiplanar,areolate&verrucate,,9,14.000,10.400,13.000,16.500,14.900,,,,0.500,0.500,0.500,,,L. Passos et al. 389,HUEFS,,,
Mimosa pteridifolia,LiauKang/ Santos-Silva - 2013,3,,Mimosa pteridifolia,Mimosa_pteridifolia,Mimosa,pteridifolia,,Species,2&4,elliptical,tetragonal&tetrahedral,multiplanar&uniplanar,,,10.746,18.100,14.655,17.149,26.300,20.346,0.295,0.453,0.374,0.202,0.365,0.284,,,YBS37 / M. M. Arbo 3652 / M. Macedo 1089,SPSC / UEC / UEC,NY 00934110 (M. M. Arbo 3652) / UEC 30953,,
Mimosa pudica,Lima - 2008,,,Mimosa pudica,Mimosa_pudica,Mimosa,pudica,,Species,4,,decussate&tetrahedral,multiplanar,areolate,,9,11.000,10.100,10.000,11.000,10.400,,,,0.500,0.500,0.500,,,F. FranÃ§a et al. 1735,HUEFS,HUEFS 23306,,Mimosa_pudica-Lima-2008-5Î¼m / Mimosa_pudica-2-Lima-2008-5Î¼m
Mimosa quadrivalvis var. angustata,Flores-Cruz - 2006,,,Mimosa quadrivalvis var. angustata,Mimosa_quadrivalvis_angustata,Mimosa,quadrivalvis,angustata,Variety,4,elliptical,decussate,multiplanar,verrucate,,27,27.000,27.000,30.000,30.000,30.000,1.300,1.300,1.300,1.300,1.300,1.300,,,"J. K. Small s/n / R. Kral 4826, 4829",NY / BRIT,1453340,,
Mimosa quadrivalvis var. diffusa,Flores-Cruz - 2006,,,Mimosa quadrivalvis var. diffusa,Mimosa_quadrivalvis_diffusa,Mimosa,quadrivalvis,diffusa,Variety,4,elliptical,decussate,multiplanar,verrucate,,28,28.000,28.000,31.000,31.000,31.000,1.300,1.300,1.300,1.300,1.300,1.300,,,J. GonzÃ¡lez Ortega 5957 / M. Flores-Cruz & E. Lott 1367,TEX / CHAPA,,,
Mimosa quadrivalvis var. jaliscensis,Flores-Cruz - 2006,,,Mimosa quadrivalvis var. jaliscensis,Mimosa_quadrivalvis_jaliscensis,Mimosa,quadrivalvis,jaliscensis,Variety,4,elliptical,decussate,multiplanar,verrucate,,30,30.000,30.000,36.000,36.000,36.000,1.300,1.300,1.300,1.300,1.300,1.300,,,C. G. Pringle 4453 / J. J. Reynoso et al. 996,MEXU / IBUG,,,
Mimosa quadrivalvis var. nuttallii,Flores-Cruz - 2006,,,Mimosa nuttallii,Mimosa_quadrivalvis_nuttallii,Mimosa,quadrivalvis,nuttallii,Variety,4,elliptical,decussate,multiplanar,verrucate,,26,26.000,26.000,29.000,29.000,29.000,1.300,1.300,1.300,1.300,1.300,1.300,,,D. S. Correll 16380 / L. H. Shinners 12423,TEX / BRIT,,,
Mimosa quadrivalvis var. occidentalis,Flores-Cruz - 2006,,,Mimosa rupertiana,Mimosa_quadrivalvis_occidentalis,Mimosa,quadrivalvis,occidentalis,Variety,4,elliptical,decussate,multiplanar,microverrucate,,27,27.000,27.000,30.000,30.000,30.000,1.300,1.300,1.300,1.300,1.300,1.300,,,M. W. Bierner 91-50 / R. D. Worthington 7082,TEX / TEX,,,
Mimosa quadrivalvis var. paucijuga,Flores-Cruz - 2006,,,Mimosa paucijuga,Mimosa_quadrivalvis_paucijuga,Mimosa,quadrivalvis,paucijuga,Variety,4,elliptical,decussate,multiplanar,verrucate,,30,30.000,30.000,35.000,35.000,35.000,0.600,0.600,0.600,0.600,0.600,0.600,,,C. G. Pringle 11432,MEXU,,,Mimosa_paucijuga-Flores-Cruz-2006-1Î¼m
Mimosa quadrivalvis var. platycarpa,Flores-Cruz - 2006,,,Mimosa roemeriana,Mimosa_quadrivalvis_platycarpa,Mimosa,quadrivalvis,platycarpa,Variety,4,elliptical,decussate,multiplanar,microverrucate,,29,29.000,29.000,33.000,33.000,33.000,1.300,1.300,1.300,1.300,1.300,1.300,,,B. L. Turner 99-157 / V. L. Cory 59271,TEX / BRIT,,,
Mimosa quadrivalvis var. quadrivalvis,Flores-Cruz - 2006,,,Mimosa quadrivalvis var. quadrivalvis,Mimosa_quadrivalvis_quadrivalvis,Mimosa,quadrivalvis,quadrivalvis,Variety,4,elliptical,decussate,multiplanar,verrucate,,32,32.000,32.000,35.000,35.000,35.000,1.300,1.300,1.300,1.300,1.300,1.300,,,M. Flores-Cruz & A. MartÃ­nez-Bernal 1315 / J. Dorantes D-5027,CHAPA / MEXU,,,
Mimosa quadrivalvis var. urbaniana,Flores-Cruz - 2006,,,Mimosa quadrivalvis var. urbaniana,Mimosa_quadrivalvis_urbaniana,Mimosa,quadrivalvis,urbaniana,Variety,4,elliptical,decussate,multiplanar,microverrucate,,25,25.000,25.000,28.000,28.000,28.000,,,,,,,,,Axelrod 2498,NY,,,
Mimosa regnellii var. supersetosa,Caccavari - 2002,,,Mimosa regnelli var. supercetosa,Mimosa_regnellii_supersetosa,Mimosa,regnellii,supersetosa,Variety,4,,,,verrucate,,,,,,,27.000,,,,,,,,,Pereira 8365,RB,,,Mimosa_regnellii-Caccavari-2002-10Âµm
Mimosa rhodostegia,LiauKang,,x,Mimosa rhodostegia,Mimosa_rhodostegia,Mimosa,rhodostegia,,Species,4,elliptical,decussate&rhomboidal,multiplanar,areolate,4,12.5,15.000,13.400,17.500,22.500,20.700,,,,,,,,,M.L. Fonseca 590,SPF,,,
Mimosa robusta,Flores-Cruz - 2006,,,Mimosa robusta,Mimosa_robusta,Mimosa,robusta,,Species,4,elliptical,decussate,multiplanar,verrucate,,39,39.000,39.000,47.000,47.000,47.000,1.300,1.300,1.300,1.300,1.300,1.300,,,M. Flores- Cruz & F. Riveros 1370 / M. Flores-Cruz & F. Riveros 1330,CHAPA / CHAPA,,,Mimosa_robusta-Flores-Cruz-2006-10Î¼m / Mimosa_robusta-2-Flores-Cruz-2006-10Î¼m
Mimosa rupigena,LiauKang,,x,Mimosa setosa var. rupigena,Mimosa_rupigena,Mimosa,rupigena,,Species,4,elliptical,decussate&rhomboidal,multiplanar,areolate,4,12.5,15.000,13.400,17.500,21.300,19.500,,,,,,,,,"J. Semir, CFCR 179",SPF,,,
Mimosa scabrella,LiauKang / Bauermann et al. 2009,27,,Mimosa scabrella,Mimosa_scabrella,Mimosa,scabrella,,Species,4,oval,decussate&tetrahedral,multiplanar,scabrate,4,8,11.905,9.575,12.000,15.601,13.490,0.400,0.807,0.604,0.448,0.641,0.772,,,V. C. Souza 39542 / S. Diesel 604,ESA / HERULBRA,HERULBRA 1504,US 3397213 = S. Diesel 1504,
Mimosa schomburgkii,Santos-Silva - 2013,,,Mimosa schomburgkii,Mimosa_schomburgkii,Mimosa,schomburgkii,,Species,2&4,elliptical,tetragonal&tetrahedral,multiplanar&uniplanar,,,12.5,20.000,16.100,17.500,43.700,30.000,,,,,,,,,E. P. Heringer 13935 / G. E. Valente 841,UEC / UEC,,,Mimosa_schomburgkii-Santos-Silva-2013-SEM_ESCALA / Mimosa_schomburgkii-2-Santos-Silva-2013-1Î¼m
Mimosa sensitiva,Buril - 2010,,,Mimosa sensitiva,Mimosa_sensitiva,Mimosa,sensitiva,,Species,4,,tetrahedral,multiplanar,areolate,4,,,,7.700,9.600,8.650,,,,,,,,,Y. Melo 182 / E. CÃ³rdula 266,UFP / UFP,UFP 47358 / UFP 47361,,Mimosa_sensitiva-Buril-2010-5Î¼m / Mimosa_sensitiva-2-Buril-2010-5Î¼m / Mimosa_sensitiva-3-Buril-2010-5Î¼m / Mimosa_sensitiva-Buril-2010-5Î¼m / Mimosa_sensitiva-2-Buril-2010-5Î¼m / Mimosa_sensitiva-3-Buril-2010-5Î¼m
Mimosa sensitiva var. sensitiva,Lima - 2008,,,Mimosa sensitiva var. sensitiva,Mimosa_sensitiva_sensitiva,Mimosa,sensitiva,sensitiva,Variety,4,,decussate&tetrahedral,multiplanar,areolate,,8,9.000,8.300,8.000,10.000,8.800,,,,1.000,1.000,1.000,,,L.C.L. Lima et al. 181,HUEFS,,,
Mimosa sericantha,Santos-Silva - 2013,,,Mimosa sericantha,Mimosa_sericantha,Mimosa,sericantha,,Species,4,elliptical,rhomboidal&tetrahedral,multiplanar&uniplanar,,,10,13.000,11.900,17.200,31.000,23.000,,,,,,,,,G. Arbocz 685 / R. Farias 388,UEC / UEC,,,Mimosa_sericantha-Santos-Silva-2013-10Î¼m / Mimosa_sericantha-2-Santos-Silva-2013-1Î¼m
Mimosa setosissima,LiauKang,,x,Mimosa setosissima,Mimosa_setosissima,Mimosa,setosissima,,Species,4,elliptical,decussate&tetrahedral,multiplanar,areolate,4,10,18.700,12.100,15.000,20.000,17.200,,,,,,,,,Anderson 10236,SPF,,,
Mimosa setuligera,Lima - 2008,,,Mimosa setuligera,Mimosa_setuligera,Mimosa,setuligera,,Species,4,,tetrahedral,multiplanar,areolate&verrucate,3&4,10,12.000,10.900,11.500,14.000,12.700,,,,1.000,1.000,1.000,,,J.G.A. Nascimento et al. 108,HUEFS,,,Mimosa_setuligera-Lima-2008-5Î¼m
Mimosa somnians var. somnians,Lima - 2008,,,Mimosa somnians var. somnians,Mimosa_somnians_somnians,Mimosa,somnians,somnians,Variety,4,,decussate&rhomboidal,multiplanar&uniplanar,areolate&verrucate,,10,13.800,12.500,15.000,22.500,20.100,,,,1.000,1.000,1.000,,,L.P. Queiroz & N.S. Nascimento 3566,HUEFS,,,
Mimosa sousae,Medina-Acosta-2018,,,Mimosa sousae,Mimosa_sousae,Mimosa,sousae,,Species,4,circular&elliptical,tetrahedral,multiplanar,microverrucate&rugulate,3,10.33,10.330,10.330,14.670,14.670,14.670,1.630,1.630,1.630,1.040,1.040,1.040,,,A. MartÃ­nez-Bernal et al. 918 / C. MartÃ­nez R. 96 / C. MartÃ­nez R. 594,UAMIZ68085 / MEXU456461 / MEXU447971,,,Mimosa_sousae-Medina-Acosta-2018-5Î¼m / Mimosa_sousae-2-Medina-Acosta-2018-5Î¼m / Mimosa_sousae-3-Medina-Acosta-2018-5Î¼m / Mimosa_sousae-4-Medina-Acosta-2018-5Î¼m / Mimosa_sousae-5-Medina-Acosta-2018-2Î¼m / Mimosa_sousae-6-Medina-Acosta-2018-500nm / Mimosa_sousae-7-Medina-Acosta-2018-0.5Î¼m
Mimosa spirocarpa,Medina-Acosta-2018,,,Mimosa spirocarpa,Mimosa_spirocarpa,Mimosa,spirocarpa,,Species,8,elliptical,tetrahedral,multiplanar,microverrucate&rugulate,3&4,8.91,12.600,10.530,11.700,15.300,13.680,0.750,0.750,0.750,0.870,0.870,0.870,,,R. Grether et al. 2492 / A. Espejo et al. 4486 / R. Grether et al. 2487,UAMIZ49764 / UAMIZ47020 / UAMIZ27296,,,Mimosa_spirocarpa-Medina-Acosta-2018-5Î¼m / Mimosa_spirocarpa-2-Medina-Acosta-2018-5Î¼m / Mimosa_spirocarpa-3-Medina-Acosta-2018-5Î¼m / Mimosa_spirocarpa-4-Medina-Acosta-2018-5Î¼m / Mimosa_spirocarpa-5-Medina-Acosta-2018-2Î¼m / Mimosa_spirocarpa-6-Medina-Acosta-2018-2Î¼m / Mimosa_spirocarpa-7-Medina-Acosta-2018-200nm / Mimosa_spirocarpa-8-Medina-Acosta-2018-200nm / Mimosa_spirocarpa-9-Medina-Acosta-2018-200nm
Mimosa spixiana,Santos-Silva - 2013,,,Mimosa spixiana,Mimosa_spixiana,Mimosa,spixiana,,Species,4,elliptical,decussate&tetrahedral,multiplanar,,,13.5,18.000,16.000,17.500,22.500,18.200,,,,,,,,,A. B. Sampaio 551,UFG,,,Mimosa_spixiana-Santos-Silva-2013-1Î¼m / Mimosa_spixiana-2-Santos-Silva-2013-1Î¼m
Mimosa strobiliflora,LiauKang,31,x,Mimosa strobiflora,Mimosa_strobiliflora,Mimosa,strobiliflora,,Species,4,elliptical,decussate&rhomboidal,multiplanar&uniplanar,verrucate,,10.783,15.547,13.784,18.320,22.546,20.160,0.753,1.495,1.124,0.234,0.431,0.333,,,O.S. Ribas 3600,ESA,,,
Mimosa subenervis,Lima - 2008,,,Mimosa subenervis,Mimosa_subenervis,Mimosa,subenervis,,Species,4,,decussate,multiplanar,areolate&verrucate,3&4,19,25.000,21.700,26.000,30.000,28.500,,,,1.000,1.000,1.000,,,F. FranÃ§a et al. 3089,HUEFS,HUEFS 38506,,Mimosa_subenervis-Lima-2008-5Î¼m
Mimosa subinermis,Flores-Cruz - 2006,,,Mimosa subinermis,Mimosa_subinermis,Mimosa,subinermis,,Species,4,elliptical,decussate,multiplanar,,,26,26.000,26.000,30.000,30.000,30.000,,,,,,,,,E. Palmer 110,MEXU,,,Mimosa_subinermis-Flores-Cruz-2006-1Î¼m
Mimosa taimbensis,Barth & Yoneshigue - 1966,,,Mimosa taimbensis,Mimosa_taimbensis,Mimosa,taimbensis,,Species,4,circular,decussate,multiplanar,psilate,5,8.4,15.800,11.900,14.700,23.100,19.000,1.700,,1.700,,1.700,1.200,,0.800,Reitz & Klein 6992,HBR,HBR 25857,,
Mimosa tandilensis,Caccavari - 2002,,,Mimosa tandilensis,Mimosa_tandilensis,Mimosa,tandilensis,,Species,4,elliptical,,,verrucate,,,,,,,31.000,,,,,,,,,Ruiz Leal 22309,SI,,,Mimosa_tandilensis-Caccavari-2002-10Âµm
Mimosa tenuiflora,Buril - 2010 / Lima - 2008 / Santos-Silva - 2013 / LiauKang,47,,Mimosa tenuiflora,Mimosa_tenuiflora,Mimosa,tenuiflora,,Species,4,,decussate&tetrahedral,multiplanar,areolate&verrucate scabrate,4,7.8,19.000,14.063,11.000,25.000,20.373,0.200,0.510,0.355,0.400,0.610,0.505,,,M.T. Vital 87 / E. CÃ³rdula 186 / L.P. de Queiroz 7874 / L.P. Queiroz et al. 7841 / R. M. Harley 18971 / J. S. Silva 837 / J. S. Silva 890 / RP Lyra-Lemos 6998,UFP / UFP / HUEFS / HUEFS / UEC / UEC / UEC / ESA,UFP 47457 / UFP 47465 / HUEFS 72632 / HUEFS 72599 / COR 17709 (J. S. Silva 837) / ESA 99145,,Mimosa_tenuiflora-Buril-2010-5Î¼m / Mimosa_tenuiflora-2-Buril-2010-5Î¼m / Mimosa_tenuiflora-3-Buril-2010-5Î¼m / Mimosa_tenuiflora-Buril-2010-5Î¼m / Mimosa_tenuiflora-2-Buril-2010-5Î¼m / Mimosa_tenuiflora-3-Buril-2010-5Î¼m / Mimosa_tenuiflora-Buril-2010-5Î¼m / Mimosa_tenuiflora-2-Buril-2010-5Î¼m / Mimosa_tenuiflora-3-Buril-2010-5Î¼m / Mimosa_tenuiflora-Lima-2008-5Î¼m / Mimosa_tenuiflora-2-Lima-2008-5Î¼m / Mimosa_tenuiflora-Santos-Silva-2013-1Î¼m / Mimosa_tenuiflora-2-Santos-Silva-2013-1Î¼m
Mimosa tetragona,Flores-Cruz - 2006,,,Mimosa tetragona,Mimosa_tetragona,Mimosa,tetragona,,Species,4,elliptical,decussate,multiplanar,microverrucate,,25,25.000,25.000,30.000,30.000,30.000,,,,,,,,,J. A. Duke 5691 / R. Van et al. 3121,MO / NY,,,Mimosa_tetragona-Flores-Cruz-2006-1Î¼m
Mimosa trianae,Santos-Silva - 2013,,,Mimosa trianae,Mimosa_trianae,Mimosa,trianae,,Species,2&4,elliptical,,,,,12.9,15.000,14.000,13.200,20.000,15.500,,,,,,,,,D. O. Allen 3326,MO,,,
Mimosa ulbrichiana,Lima - 2008,,,Mimosa ulbrichiana,Mimosa_ulbrichiana,Mimosa,ulbrichiana,,Species,4,,decussate&rhomboidal,multiplanar&uniplanar,areolate&verrucate,3&4,19,22.000,20.500,25.000,29.000,26.800,,,,1.000,1.000,1.000,,,T.S. Nunes et al. 965,HUEFS,,,Mimosa_ulbrichiana-Lima-2008-5Î¼m
Mimosa ulei var. ulei,LiauKang,,x,Mimosa ulei var. ulei,Mimosa_ulei_ulei,Mimosa,ulei,ulei,Variety,4,elliptical,decussate&tetrahedral,multiplanar,areolate,4,7.5,12.500,11.400,17.500,20.000,18.400,,,,,,,,,Forzza 386,SPF,,,
Mimosa ursina,Lima - 2008,,,Mimosa ursina,Mimosa_ursina,Mimosa,ursina,,Species,1&2,,,,areolate,3,15,17.000,16.000,15.000,22.000,18.150,3.600,3.600,3.600,1.700,1.700,1.700,,,M.L.Guedes et al. PCD5161 / L.P. Queiroz et al. 9175 / T.S. Nunes et al. 1027A,HUEFS / HUEFS / HUEFS,HUEFS 28381 / HUEFS 82501 / HUEFS 111176,,Mimosa_ursina-Lima-2008-5Î¼m / Mimosa_ursina-2-Lima-2008-5Î¼m / Mimosa_ursina-3-Lima-2008-5Î¼m / Mimosa_ursina-4-Lima-2008-5Î¼m / Mimosa_ursina-5-Lima-2008-5Î¼m / Mimosa_ursina-6-Lima-2008-5Î¼m / Mimosa_ursina-7-Lima-2008-5Î¼m / Mimosa_ursina-8-Lima-2008-5Î¼m / Mimosa_ursina-9-Lima-2008-5Î¼m
Mimosa velloziana,Lima - 2008,,,Mimosa velloziana,Mimosa_velloziana,Mimosa,velloziana,,Species,4,,decussate&tetrahedral,multiplanar,areolate,,9,11.000,9.900,9.500,11.000,10.400,,,,0.500,0.500,0.500,,,L.P. Queiroz et al. 9185,HUEFS,,,
Mimosa verrucosa,Lima - 2008 / Santos-Silva - 2013,,,Mimosa verrucosa,Mimosa_verrucosa,Mimosa,verrucosa,,Species,4,elliptical,decussate,multiplanar,areolate&verrucate,,8,17.400,13.650,15.600,22.500,19.100,,,,1.000,1.000,1.000,,,K.R.B. Leite et al. 397 / J. S. Silva 827 / J. S. Silva and M. C. Abreu 877,HUEFS / UEC / UEC,HUEFS 75510 / COR 16793 (J. S. Silva 827),,Mimosa_verrucosa-Lima-2008-5Î¼m / Mimosa_verrucosa-2-Lima-2008-5Î¼m / Mimosa_verrucosa-Santos-Silva-2013-1Î¼m / Mimosa_verrucosa-2-Santos-Silva-2013-1Î¼m
Mimosa watsonii,Medina-Acosta-2018,,,Mimosa watsonii,Mimosa_watsonii,Mimosa,watsonii,,Species,12,elliptical,regular arangement polyad,multiplanar,microverrucate&rugulate,3,14.54,14.540,14.540,20.700,20.700,20.700,0.860,0.860,0.860,0.750,0.750,0.750,,,E. MartÃ­nez S. et al. 5797 / R. Torres C. et al. 7615 / E. Ventura et al. 2660,UAMIZ10551 / UAMIZ16109 / UAMIZ30668,,,Mimosa_watsonii-Medina-Acosta-2018-10Î¼m / Mimosa_watsonii-2-Medina-Acosta-2018-10Î¼m / Mimosa_watsonii-3-Medina-Acosta-2018-10Î¼m / Mimosa_watsonii-4-Medina-Acosta-2018-10Î¼m / Mimosa_watsonii-5-Medina-Acosta-2018-2Î¼m / Mimosa_watsonii-6-Medina-Acosta-2018-2Î¼m / Mimosa_watsonii-7-Medina-Acosta-2018-10Î¼m / Mimosa_watsonii-8-Medina-Acosta-2018-1Î¼m / Mimosa_watsonii-9-Medina-Acosta-2018-2Î¼m / Mimosa_watsonii-10-Medina-Acosta-2018-500nm / Mimosa_watsonii-11-Medina-Acosta-2018-200nm
Mimosa xavantinae,Santos-Silva - 2013,,,Mimosa xavantinae,Mimosa_xavantinae,Mimosa,xavantinae,,Species,4,elliptical,,,,,9,15.000,13.000,10.000,16.700,14.500,,,,,,,,,W. R. Anderson 9668,NY,,,
Mimosa xiquexiquensis,Lima - 2008,,,Mimosa xiquexiquensis,Mimosa_xiquexiquensis,Mimosa,xiquexiquensis,,Species,4,,decussate&tetrahedral,multiplanar,areolate&verrucate,3&4,11.3,15.000,13.000,15.000,18.800,16.600,,,,0.500,0.500,0.500,,,L.P. Queiroz et al. 7909,HUEFS,,,Mimosa_xiquexiquensis-Lima-2008-5Î¼m / Mimosa_xiquexiquensis-2-Lima-2008-5Î¼m / Mimosa_xiquexiquensis-3-Lima-2008-5Î¼m
Naiadendron duckeanum,Guinet & Caccavari - 1992,,,Stryphnodendron duckeanum,Naiadendron_duckeanum,Naiadendron,duckeanum,,Species,16,elliptical&oval,,,psilate&verrucate,,26.3,26.300,26.300,36.600,36.600,36.600,1.400,1.900,1.650,0.800,1.000,0.900,,,"Ducke s.n. (9.06.1930, isotype) / Monteiro et al. 929",RFA / INPA,,,Stryphnodendron_duckeanum-1-Guinet & Caccavari-1992-x1000 / Stryphnodendron_duckeanum-2-Guinet & Caccavari-1992-x1000 / Stryphnodendron_duckeanum-3-Guinet & Caccavari-1992-x1000 / Stryphnodendron_duckeanum-4-Guinet & Caccavari-1992-x1000
Neptunia prostrata,LiauKang,24,,Neptunia oleracea,Neptunia_prostrata,Neptunia,prostrata,,Species,1,,,,,,46.445,55.588,49.881,41.873,51.732,46.130,6.549,11.002,8.776,2.460,3.439,2.950,,,J. Paula-Souza 5201 (ESA 90819),ESA,,,
Parapiptadenia blanchetii,Caccavari - 2002 / Ribeiro - 2018,,,Parapiptadenia blanchetii,Parapiptadenia_blanchetii,Parapiptadenia,blanchetii,,Species,16,oval,,,psilate,,22.5,30.000,26.300,25.000,47.500,31.275,,,,1.000,1.000,1.000,,,Blanchet Typus! 3295 / Grupo Pedra do Cavalo 1096 / Lemos 56 / Melo 1410,RB / HUEFS / HUEFS / HUEFS,NY 3202 / HUEFS 1090 / HUEFS 2750 / HUEFS 24846,,Parapiptadenia_blanchetii-Caccavari-2002-10Âµm / Parapiptadenia_blanchetii-Ribeiro-2018-10Î¼m / Parapiptadenia_blanchetii-2-Ribeiro-2018-10Î¼m / Parapiptadenia_blanchetii-3-Ribeiro-2018-10Î¼m
Parapiptadenia excelsa,Caccavari - 2002,,,Parapiptadenia excelsa,Parapiptadenia_excelsa,Parapiptadenia,excelsa,,Species,12,,,,,,,,,,,36.000,,,,,,,,,J. Santos Biloni 4016,SI,,,Parapiptadenia_excelsa-Caccavari-2002-10Âµm
Parapiptadenia pterosperma,Caccavari - 2002 / Freitas-Cruz - 2018,,,Parapiptadenia pterosperma / Piptadenia pterosperma,Parapiptadenia_pterosperma,Parapiptadenia,pterosperma,,Species,16,circular,,,rugulate,,25,35.000,29.100,31.500,40.000,37.550,,,,,,2.000,1.000,1.000,Campos Porto 2481 / RD Ribeiro 62 & HG Dantas / H Lima et al. 2796,RB / RB / RB,RB 29706 / RB 406389 / RB 258410,,Piptadenia_pterosperma-Cruz-2018-5Î¼m / Piptadenia_pterosperma-2-Cruz-2018-5Î¼m / Piptadenia_pterosperma-3-Cruz-2018-5Î¼m
Parapiptadenia rigida,LiauKang,Predio,,Parapiptadenia rigida,Parapiptadenia_rigida,Parapiptadenia,rigida,,Species,16,,,,,,,,,,,,,,,,,,,,,SPSC,,,
Parapiptadenia zehntneri,Caccavari - 2002 / Buril - 2010 / Ribeiro - 2018,,,Parapiptadenia zehntneri,Parapiptadenia_zehntneri,Parapiptadenia,zehntneri,,Species,16,oval,regular arangement polyad,,areolate&psilate,4&6,20,32.500,26.000,23.800,37.500,30.400,,,,1.000,1.100,1.050,,,Harley 16198 / J.R.Lemos 262 / Bandeira 82 / ConceiÃ§Ã£o 2536 / Guedes 16085,"RB / IPA , HUEFS / HUEFS / HUEFS / HUEFS","RB 196355 / IPA 69464, HUEFS 95711 / HUEFS 19021 / HUEFS 127855 / HUEFS 170315",,Parapiptadenia_zehntneri-Buril-2010-10Î¼m / Parapiptadenia_zehntneri-2-Buril-2010-10Î¼m / Parapiptadenia_zehntneri-3-Buril-2010-10Î¼m / Parapiptadenia_zehntnerii-Ribeiro-2018-10Î¼m / Parapiptadenia_zehntnerii-2-Ribeiro-2018-10Î¼m / Parapiptadenia_zehntnerii-3-Ribeiro-2018-10Î¼m / Parapiptadenia_zehntnerii-4-Ribeiro-2018-10Î¼m
Piptadenia adiantoides,LiauKang/ Caccavari - 2002 / Ribeiro - 2018,14,,Piptadenia adiantoides,Piptadenia_adiantoides,Piptadenia,adiantoides,,Species,8&12,oval,tetrahedral,multiplanar,psilate,,12.255,24.000,18.975,18.000,26.000,22.590,0.609,0.934,0.772,0.467,0.635,0.551,,,V. C. Souza 29980 / G. Hatschbach 47692 / Lopes 792 / Oliveira 599 / Pirani 5029,ESA / RB / HUEFS / HUEFS / HUEFS,ESA 88363 / RB 226098 / HUEFS 111028 / HUEFS 45655 / HUEFS 68930,,Piptadenia_adiantoides-Ribeiro-2018-10Î¼m / Piptadenia_adiantoides-2-Ribeiro-2018-10Î¼m
Piptadenia affinis,Barth & Yoneshigue - 1966,,,Pityrocarpa affinis,Piptadenia_affinis,Piptadenia,affinis,,Species,8,,tetrahedral,multiplanar&uniplanar,psilate,3,18.9,27.300,23.100,27.300,35.700,31.500,3.700,,3.700,,,1.700,,0.790,Reitz e Klein 8037,HBR,HBR 25858,,
Piptadenia anolidurus,Caccavari - 2002,,,Piptadenia anolidorus,Piptadenia_anolidurus,Piptadenia,anolidurus,,Species,4&8,oval,,,,,,,,,,25.000,,,,,,,,,Kirkbride Jr. & Lleras 2767,K,,,Piptadenia_anolidurus-Caccavari-2002-10Âµm
Piptadenia floribunda,Caccavari - 2002,,,Piptadenia floribunda,Piptadenia_floribunda,Piptadenia,floribunda,,Species,16,elliptical,,,,,,,,,,42.000,,,,,,,,,Mori & Bolten 8463,K,,,
Piptadenia fruticosa,Caccavari - 2002,,,Piptadenia fruticosa,Piptadenia_fruticosa,Piptadenia,fruticosa,,Species,8&12,oval,,,,,,,,,,19.000,,,,,,,,,A. Glaziou 3722,K,,,
Piptadenia gonoacantha,Caccavari - 2002,,,Piptadenia gonoacantha,Piptadenia_gonoacantha,Piptadenia,gonoacantha,,Species,12,oval,,,,,,,,,,38.000,,,,,,,,,De Souza 15,RB,,,
Piptadenia irwinii,Ribeiro - 2018,,,Piptadenia irwinii,Piptadenia_irwinii,Piptadenia,irwinii,,Species,16,,regular arangement polyad,,psilate,,15,25.000,18.733,17.500,25.000,23.133,,,,1.000,1.000,1.000,,,Jardim 3303 / Queiroz 12652 / Queiroz 12887,HUEFS / HUEFS / HUEFS,CEPEC 89901 / HUEFS 118159 / HUEFS 118384,,Piptadenia_irwinii-Ribeiro-2018-10Î¼m / Piptadenia_irwinii-2-Ribeiro-2018-10Î¼m / Piptadenia_irwinii-3-Ribeiro-2018-10Î¼m
Piptadenia irwinii var. irwinii,Caccavari - 2002,,,Piptadenia irwinii var. irwinii,Piptadenia_irwinii_irwinii,Piptadenia,irwinii,irwinii,Variety,12,oval,,,,,,,,,,26.000,,,,,,,,,Irwin et al. 3117,K,,,
Piptadenia irwinii var. unijuga,Caccavari - 2002,,,Piptadenia irwinii var. unijuga,Piptadenia_irwinii_unijuga,Piptadenia,irwinii,unijuga,Variety,12,oval,,,,,,,,,,25.000,,,,,,,,,S. A. Movi 9501,K,,,
Piptadenia killipii,Caccavari - 2002,,,Piptadenia killipii,Piptadenia_killipii,Piptadenia,killipii,,Species,8&12,oval,,,,,,,,,,20.000,,,,,,,,,Klug 4333,SI,,,
Piptadenia micracantha,Caccavari - 2002,,,Piptadenia macrantha,Piptadenia_micracantha,Piptadenia,micracantha,,Species,12,oval,,,,,,,,,,19.000,,,,,,,,,Ram. et Rodrigues 1163,RB,,,
Piptadenia minutiflora,Caccavari - 2002,,,Piptadenia minutiflora,Piptadenia_minutiflora,Piptadenia,minutiflora,,Species,16,elliptical&oval,,,,,,,,,,50.000,,,,,,,,,Rodri. et Chagas 2901,RB,,,Piptadenia_minutiflora-Caccavari-2002-10Âµm
Piptadenia paniculata,LiauKang,50,,Piptadenia paniculata,Piptadenia_paniculata,Piptadenia,paniculata,,Species,16,,,,,,24.103,27.080,25.699,30.910,42.080,35.592,0.635,0.990,0.813,0.418,0.669,0.544,,,H. C. Lima 4357,ESA,NY 1144695,,
Piptadenia polyptera,Caccavari - 2002,,,Piptadenia polyptera,Piptadenia_polyptera,Piptadenia,polyptera,,Species,8,oval,,,,,,,,,,25.000,,,,,,,,,,,,,Piptadenia_polyptera-Caccavari-2002-10Âµm
Piptadenia retusa,Caccavari - 2002,,,Piptadenia flava,Piptadenia_retusa,Piptadenia,retusa,,Species,12,oval,,,,,,,,,,23.000,,,,,,,,,Harley et al 18967,RB,,,
Piptadenia santosii,Caccavari - 2002,,,Piptadenia santosii,Piptadenia_santosii,Piptadenia,santosii,,Species,12,oval,,,,,,,,,,50.000,,,,,,,,,T. S. dos Santos 2236,K,,,
Piptadenia stipulacea,Caccavari - 2002 / Buril - 2010,,,Piptadenia stipulacea,Piptadenia_stipulacea,Piptadenia,stipulacea,,Species,12,elliptical&oval,regular arangement polyad,,areolate,3&4,17.5,21.200,19.300,22.500,30.000,23.400,,,,1.000,1.000,1.000,,,Collares et Dutra 140 / E. CÃ³rdula 261 / Y. Melo 183,RB / UFP / UFP,RB 233898 / UFP 47440 / UFP 47436,,Piptadenia_stipulacea-Buril-2010-5Î¼m / Piptadenia_stipulacea-2-Buril-2010-5Î¼m / Piptadenia_stipulacea-3-Buril-2010-5Î¼m / Piptadenia_stipulacea-Buril-2010-5Î¼m / Piptadenia_stipulacea-2-Buril-2010-5Î¼m / Piptadenia_stipulacea-3-Buril-2010-5Î¼m
Piptadenia trisperma,Caccavari - 2002 / Freitas-Cruz - 2018,,,Piptadenia trisperma,Piptadenia_trisperma,Piptadenia,trisperma,,Species,8,oval,,,rugulate,,17.5,25.000,21.300,27.500,27.500,26.250,,,,,,,1.000,1.000,P. Lewis et H. 1191 / LTF Menezes et al. s.n.,RB / RBR,RB 222215 / RBR 8163,,Piptadenia_trisperma-Cruz-2018-10Î¼m / Piptadenia_trisperma-2-Cruz-2018-10Î¼m / Piptadenia_trisperma-3-Cruz-2018-5Î¼m / Piptadenia_trisperma-4-Cruz-2018-5Î¼m
Pityrocarpa brenanii,LiauKang,79,,Pseudopiptadenia brenanii,Pityrocarpa_brenanii,Pityrocarpa,brenanii,,Species,12&16,,,,psilate,,19.248,37.500,27.993,27.500,47.500,33.759,0.418,0.669,0.544,0.233,0.467,0.350,,,A. C. Sevilha 6195 / Cardoso 581 / Guedes 16722 / Neves 263,CEN / HUEFS / HUEFS / HUEFS,CEN 103168 / HUEFS 96970 / HUEFS 159209 / HUEFS 162090,,Pseudopiptadenia_brenanii-Ribeiro-2018-10Î¼m / Pseudopiptadenia_brenanii-2-Ribeiro-2018-10Î¼m / Pseudopiptadenia_brenanii-3-Ribeiro-2018-10Î¼m
Pityrocarpa inaequalis,Caccavari - 2002,,,Pseudopiptadenia inaequalis,Pityrocarpa_inaequalis,Pityrocarpa,inaequalis,,Species,12,oval,,,,,,,,,,43.000,,,,,,,,,M. de Lima 2293,RB,,,
Pityrocarpa leptostachya,LiauKang,,,Pseudopiptadenia leptostachya,Pityrocarpa_leptostachya,Pityrocarpa,leptostachya,,Species,16,,,,,,,,,,,,,,,,,,,,D. Sucre 7380,ESA,ESA 116275,,
Pityrocarpa moniliformis,Buril - 2010 / Ribeiro - 2018 / Guinet & Caccavari - 1992,,,Pityrocarpa moniliformis / Stryphnodendron consimile,Pityrocarpa_moniliformis,Pityrocarpa,moniliformis,,Species,8,elliptical&oval,regular arangement polyad,multiplanar,psilate&verrucate,3&4&5,13,34.100,18.250,17.000,30.800,21.817,1.800,1.800,1.800,1.000,1.000,1.000,,,M.T. Vital 72 / E. CÃ³rdula 24 / Eiten 10840 / Ferreira 17 / Melo 7518 / Ramalho 52,UFP / UFP / HUEFS / HUEFS / HUEFS / RFA,UFP 47448 / UFP 47441 / HUEFS 146824 / HUEFS 118108 / HUEFS 157870 / RFA 17173,,Pityrocarpa_moniliformis-Buril-2010-5Î¼m / Pityrocarpa_moniliformis-2-Buril-2010-5Î¼m / Pityrocarpa_moniliformis-3-Buril-2010-5Î¼m / Pityrocarpa_moniliformis-Buril-2010-5Î¼m / Pityrocarpa_moniliformis-2-Buril-2010-5Î¼m / Pityrocarpa_moniliformis-3-Buril-2010-5Î¼m / Pityrocarpa_moniliformis-Ribeiro-2018-10Î¼m / Stryphnodendron_consimile-1-Guinet & Caccavari-1992-x1000 / Stryphnodendron_consimile-2-Guinet & Caccavari-1992-x2100 / Stryphnodendron_consimile-3-Guinet & Caccavari-1992-x10600
Pityrocarpa obliqua,Caccavari - 2002 / Ribeiro - 2018,,,Piptadenia obliqua subs. obliqua / Pityrocarpa obliqua subs. brasiliensis,Pityrocarpa_obliqua,Pityrocarpa,obliqua,,Species,8&16,oval,,,areolate,,22.5,27.500,26.000,27.500,35.000,30.600,,,,1.000,1.000,1.000,,,Hinton 10321 / Carneiro-Torres 310,K / HUEFS,HUEFS 105931,Carneiro-Torres 310 = Pityrocarpa obliqua,Pityrocarpa_obliqua_subsp.brasiliensis-Ribeiro-2018-10Î¼m / Pityrocarpa_obliqua_subsp.brasiliensis-2-Ribeiro-2018-10Î¼m
Pityrocarpa obliqua subsp. brasiliensis,Ribeiro - 2018,,,Pityrocarpa obliqua subs. brasiliensis,Pityrocarpa_obliqua_brasiliensis,Pityrocarpa,obliqua,brasiliensis,Subspecies,16,,,,areolate,,22.5,27.500,25.500,25.000,37.500,32.150,,,,,,,,,Queiroz 12903 / Silva-Castro 901,HUEFS / HUEFS,HUEFS 118400 / HUEFS 105930,,
Pityrocarpa schumanniana,Caccavari - 2002,,,Pseudopiptadenia schumanniana,Pityrocarpa_schumanniana,Pityrocarpa,schumanniana,,Species,16,oval,,,,,,,,,,42.000,,,,,,,,,M. P. M. de Lima et al. 27,RB,,,Pseudopiptadenia_schumanniana-Caccavari-2002-10Âµm
Senegalia nigrescens,Kenrick & Knox - 1982,,,Senegalia nigrescens,Senegalia_nigrescens,Senegalia,nigrescens,,Species,16,,,,,,,,,,,,,,,,,,,,,,,,
Stryphnodendron adstringens,Guinet & Caccavari - 1992 / LiauKang,17,,Stryphnodendron adstringens,Stryphnodendron_adstringens,Stryphnodendron,adstringens,,Species,16,elliptical&oval,,,psilate&verrucate,,20.046,26.361,23.114,24.600,38.269,31.678,0.226,1.900,1.063,0.202,1.000,0.605,,,"Assis 298 / Glaziou 21030 / Hammar 5602 / Maguire et al. 56523 / V. C. Souza 21319, L. Capellari Jr., J. Paula-Souza, F. F. Mazine",RB / P / RFA / NY / ESA,RB 226406 / P02734292 / RFA 19677 / NY 00934670 / ESA 48922,,Stryphnodendron_adstringens-1-Guinet & Caccavari-1992-x1000 / Stryphnodendron_adstringens-2-Guinet & Caccavari-1992-x1000 / Stryphnodendron_adstringens-3-Guinet & Caccavari-1992-x1000 / Stryphnodendron_adstringens-4-Guinet & Caccavari-1992-x1000 / Stryphnodendron_adstringens-5-Guinet & Caccavari-1992-x1000 / Stryphnodendron_adstringens-6-Guinet & Caccavari-1992-x1000 / Stryphnodendron_adstringens-7-Guinet & Caccavari-1992-x1000 / Stryphnodendron_adstringens-8-Guinet & Caccavari-1992-x1000 / Stryphnodendron_adstringens-9-Guinet & Caccavari-1992-x10000
Stryphnodendron cristalinae,Guinet & Caccavari - 1992,,,Stryphnodendron cristalinae,Stryphnodendron_cristalinae,Stryphnodendron,cristalinae,,Species,16,elliptical&oval,,,verrucate,,27,27.000,27.000,34.100,34.100,34.100,1.600,2.000,1.800,0.800,1.300,1.050,,,Heringer & Rizzini 11128,MG,,,
Stryphnodendron gracile,Guinet & Caccavari - 1992,,,Stryphnodendron gracile,Stryphnodendron_gracile,Stryphnodendron,gracile,,Species,16,elliptical&oval,,,verrucate,,34.1,34.100,34.100,30.800,30.800,30.800,1.800,1.900,1.850,1.000,1.000,1.000,,,Heringer 7369 / Heringer et al. 7361,RB / RB,,,
Stryphnodendron platyspicum,Guinet & Caccavari - 1992 / LiauKang,55,,Stryphnodendron platyspicum / Stryphnodendron pumillum,Stryphnodendron_platyspicum,Stryphnodendron,platyspicum,,Species,16,elliptical&oval,,,verrucate,,19.052,25.500,21.277,26.360,34.083,31.854,0.418,2.000,1.209,0.209,1.300,0.755,,,Glaziou 21031 / Irwin et al. 8017 / Martinelli et al. 7419 / Ratter et al. 4222 / G. Pereira-Silva 5558,MPU / NY / RB / K / ESA,R-Tipos 8377 (Glaziou 21031) / UB 40264 (Martinelli et al. 7419) / UB 40271 (Ratter et al. 4222) / CEN 43846,,Stryphnodendron_platyspicum-Guinet & Caccavari-1992-x10600
Stryphnodendron polyphyllum,Guinet & Caccavari - 1992,,,Stryphnodendron polyphyllum / Stryphnodendron polyphyllum var. villosum,Stryphnodendron_polyphyllum,Stryphnodendron,polyphyllum,,Species,16,elliptical&oval,,,psilate&verrucate,,24.2,24.200,34.100,24.600,36.600,32.400,1.400,1.900,1.650,0.800,1.000,0.900,,,Macedo 528 / Martius 1102 / Pereira et al. 9510  / Dobereiner 74 (var. villosum) / Miers s.n. (var. villosum),US / BR / RFA / RFA / P,RFA 5431 (Dobereiner 74) / P02735168 (Miers s.n.),Dobereiner 74 (var. villosum) and Miers s.n. (var. villosum) = Stryphnodendron polyphyllum,Stryphnodendron_polyphyllum_var. villosum-1-Guinet & Caccavari-1992-x1000 / Stryphnodendron_polyphyllum_var. villosum-2-Guinet & Caccavari-1992-x1000 / Stryphnodendron_polyphyllum_var. villosum-3-Guinet & Caccavari-1992-x1000
Stryphnodendron polyphyllum var. villosum,Guinet & Caccavari - 1992,,,Stryphnodendron humile,Stryphnodendron_polyphyllum_villosum,Stryphnodendron,polyphyllum,villosum,Variety,16,elliptical&oval,,,psilate&verrucate,,23.4,23.400,34.100,31.000,31.000,31.000,2.300,2.300,2.300,0.800,1.000,0.900,,,Heringer 7783,RFA,RFA 18438,,
Vachellia farnesiana,LiauKang,20,,Vachellia farnesiana,Vachellia_farnesiana,Vachellia,farnesiana,,Species,16,,,,,,29.721,39.990,36.244,35.903,42.614,39.587,1.124,2.088,1.606,0.861,1.476,1.169,,,J. Paula-Souza 7838,ESA,ESA 98949,,