scientific_name_(check),reference,amostra_stefany,new_description_stefany,scientific_name_(original),name_phylogeny,genus,specific_Epithet,infraspecific_Epithet,rank,bitetrad_presence (remove?),grains,outline,pollen_arrangement,DU_planes,ornamentation,pore_number,longer_diameter_mean,longer_diameter_min,longer_diameter_max,shorter_diameter_mean,shorter_diameter_min,shorter_diameter_max,pore_diameter_min,pore_diameter_max,pore_diameter_mean,exine_thickness_min,exine_thickness_max,exine_thickness_mean,sexine_thickness_mean,nexine_thickness_mean,voucher,herbarium,herbarium_code,voucher_review,image_of_literature
Adenopodia gymnantha,Caccavari - 2002,,,Adenopodia gymnantha ,Adenopodia_gymnantha,Adenopodia,gymnantha,,Species,-,5,1,,,7,,28.000,,,,,,,,,,,,,,Langlassé 638,P,,,Adenopodia_gymnantha-Caccavari-2002-10µm / Adenopodia_gymnantha-2-Caccavari-2002-10µm
Adenopodia oaxacana,Caccavari - 2002,,,Adenopodia oaxacana ,Adenopodia_oaxacana,Adenopodia,oaxacana,,Species,-,5,1,,,7,,31.000,,,,,,,,,,,,,,Sousa et al. 9673,MEXU,,,Adenopodia_oaxacana-Caccavari-2002-10µm
Anadenanthera colubrina,Freitas-Cruz - 2018 / Ribeiro - 2018,,,Anadenanthera colubrina ,Anadenanthera_colubrina,Anadenanthera,colubrina,,Species,-,5,0&1,2,0,0&3,,38.800,32.500,47.500,39.000,32.500,47.500,,,,2.000,2.000,2.000,1.000,1.000,DM Calmon 221 / LP Queiroz s.n. /  s.col. / Lacerda 262 / Lacerda 268 / Melo 3744,R / R / R / HUEFS / HUEFS / HUEFS,ALCB 75760 (DM Calmon 221) / HUEFS 112288 / HUEFS 112292 / HUEFS 91632,,Anadenanthera_colubrina-Cruz-2018-5μm / Anadenanthera_colubrina-2-Cruz-2018-5μm / Anadenanthera_colubrina-3-Cruz-2018-5μm / Anadenanthera_colubrina_var.cebil-Ribeiro-2018-10μm / Anadenanthera_colubrina_var.cebil-2-Ribeiro-2018-10μm
Anadenanthera colubrina var. cebil,Caccavari - 2002 / Ribeiro - 2018,,,Anadenanthera colubrina var. cebil  / Anadenanthera colubrina,Anadenanthera_colubrina_cebil,Anadenanthera,colubrina,cebil,Variety,-,4,1&2,2,,0&6,,37.780,30.000,42.500,35.067,30.000,40.000,,,,2.000,2.000,2.000,,,Faria 114 / Melo 6563 / Queiroz 7194 / Ricardo s.n. / Rubens 161,RB / HUEFS / HUEFS / HUEFS / RB,RB 212051 / HUEFS 151750 / HUEFS 60904 / HUEFS 35629,"Faria 114, Melo 6563, Queiroz 7194 and Ricardo s.n. = Anadenanthera colubrina var. cebil",Anadenanthera_colubrina_var.colubrina-Ribeiro-2018-10μm / Anadenanthera_colubrina_var.colubrina-2-Ribeiro-2018-10μm / Anadenanthera_colubrina_var.colubrina-3-Ribeiro-2018-10μm / Anadenanthera_colubrina_var. cebil-Caccavari-2002-10µm / Anadenanthera_colubrina_var. cebil-2-Caccavari-2002-10µm / Anadenanthera_colubrina_var. cebil-3-Caccavari-2002-10µm / Anadenanthera_colubrina_var. cebil-4-Caccavari-2002-10µm
Anadenanthera colubrina var. colubrina,Buril - 2010,,,Anadenanthera colubrina var. colubrina ,Anadenanthera_colubrina_colubrina,Anadenanthera,colubrina,colubrina,Variety,-,5,,,,0,1&3,37.200,33.300,41.200,33.900,30.900,37.500,,,,2.500,2.500,2.500,1.500,1.000,E. Córdula 195 / W. Ganev 2666,HUEFS / HUEFS,HUEFS 117740 / HUEFS 16264,,Anadenanthera_colubrina_var. colubrina-Buril-2010-10μm / Anadenanthera_colubrina_var. colubrina-2-Buril-2010-10μm / Anadenanthera_colubrina_var. colubrina-3-Buril-2010-10μm / Anadenanthera_colubrina_var. colubrina-Buril-2010-10μm / Anadenanthera_colubrina_var. colubrina-2-Buril-2010-10μm / Anadenanthera_colubrina_var. colubrina-3-Buril-2010-10μm
Anadenanthera peregrina,Ribeiro - 2018 / Caccavari - 2002,,,Anadenanthera peregrina / Anadenanthera peregrina var. falcata ,Anadenanthera_peregrina,Anadenanthera,peregrina,,Species,-,5,1,2,,0,,34.550,20.000,47.500,29.767,22.500,35.000,,,,1.000,1.000,1.000,,,Colchester 2374 / Kinupp 25794 / Pifano 149 / Oliveira 18,HUEFS / HUEFS / HUEFS / RB,HUEFS 50563 / FUEL 25794 / HUEFS 59150 / RB 226097,Kinupp 25794 and Oliveira 18 = Anadenanthera peregrina var. falcata ,Anadenanthera_peregrina-Ribeiro-2018-10μm / Anadenanthera_peregrina-2-Ribeiro-2018-10μm / Anadenanthera_peregrina-3-Ribeiro-2018-10μm
Gwilymia coriaceum,LiauKang /  Guinet & Caccavari - 1992,18,,Stryphnodendron coriaceum / Stryphnodendron piptadenioides,Gwilymia_coriaceum,Gwilymia,coriaceum,,Species,,5,1&2,,,6,,34.100,,,30.800,,,1.800,1.900,1.850,1.000,1.000,1.000,,,"M. A. Silva 1472,  T. S. Filgueiras, J.W.B. Machado, A. L. Brochado / Lima 13302",ESA / RFA,ESA 88712 / RFA 17172,,Stryphnodendron_piptadenioides-1-Guinet & Caccavari-1992-x10000 / Stryphnodendron_piptadenioides-2-Guinet & Caccavari-1992-x1000 / Stryphnodendron_piptadenioides-3-Guinet & Caccavari-1992-x1000 / Stryphnodendron_piptadenioides-4-Guinet & Caccavari-1992-x1000 / Stryphnodendron_piptadenioides-5-Guinet & Caccavari-1992-x10600
Gwilymia fissuratum,Caccavari - 2002 / Guinet & Caccavari - 1992,,,Stryphnodendron fissuratum,Gwilymia_fissuratum,Gwilymia,fissuratum,,Species,,5,2,,,,,63.300,,58.600,40.500,40.500,,2.400,,2.400,,,1.800,,,Eiten et al. 8956 / Eiten & Eiten 8956,SP / SP,SP 129687 / SP 129687,,Stryphnodendron_fissuratum-1-Guinet & Caccavari-1992-x1000 / Stryphnodendron_fissuratum-2-Guinet & Caccavari-1992-x1000 / Stryphnodendron_fissuratum-3-Guinet & Caccavari-1992-x16000 / Stryphnodendron_fissuratum-4-Guinet & Caccavari-1992-x10600
Gwilymia moricolor,Guinet & Caccavari - 1992,,,Stryphnodendron moricolor ,Gwilymia_moricolor,Gwilymia,moricolor,,Species,-,5,1&2,,,0&1,,57.600,,,44.500,,,3.200,5.500,4.350,1.500,2.000,1.750,,,Mori & Boom 15236,CAY,,,
Gwilymia occhionianum,Guinet & Caccavari - 1992,,,Stryphnodendron occhionianum ,Gwilymia_occhionianum,Gwilymia,occhionianum,,Species,,3,1&2,1,,6,,47.900,,,31.100,,,3.200,3.500,3.350,1.400,1.800,1.600,,,Oliveira 997,RB,,,Stryphnodendron_occhionianum-1-Guinet & Caccavari-1992-x1000 / Stryphnodendron_occhionianum-2-Guinet & Caccavari-1992-x1000 / Stryphnodendron_occhionianum-3-Guinet & Caccavari-1992-x1000 / Stryphnodendron_occhionianum-4-Guinet & Caccavari-1992-x1000 / Stryphnodendron_occhionianum-5-Guinet & Caccavari-1992-x1000 / Stryphnodendron_occhionianum-6-Guinet & Caccavari-1992-x10000
Gwilymia paniculatum,Guinet & Caccavari - 1992,,,Stryphnodendron paniculatum / Stryphnodendron rizzinianum ,Gwilymia_paniculatum,Gwilymia,paniculatum,,Species,-,5,2,,,0&1,,44.500,,,36.200,,,3.200,5.500,4.350,1.500,2.000,1.750,,,Ducke s.n. (5.07.1936) / Krukoff 6441 / Ducke s.n. (7.11.1935),US / RB / RB,US 1694148 / RB 32083 / RB 29044,,Stryphnodendron_paniculatum-1-Guinet & Caccavari-1992-x1000 / Stryphnodendron_paniculatum-2-Guinet & Caccavari-1992-x1000 / Stryphnodendron_paniculatum-3-Guinet & Caccavari-1992-x10600 / Stryphnodendron_rizzinianum-1-Guinet & Caccavari-1992-x1000 / Stryphnodendron_rizzinianum-2-Guinet & Caccavari-1992-x1000 / Stryphnodendron_rizzinianum-3-Guinet & Caccavari-1992-x1000 / Stryphnodendron_rizzinianum-4-Guinet & Caccavari-1992-x1000
Gwilymia polystachyum,Guinet & Caccavari - 1992,,,Stryphnodendron polystachyum ,Gwilymia_polystachyum,Gwilymia,polystachyum,,Species,,3,1&2,1,,6,,46.600,,,32.000,,,3.200,3.500,3.350,1.400,1.800,1.600,,,Irwin et al. 48381 / Irwin et al. 55179,NY / NY,,,Stryphnodendron_polystachyum-1-Guinet & Caccavari-1992-x1000 / Stryphnodendron_polystachyum-2-Guinet & Caccavari-1992-x1000 / Stryphnodendron_polystachyum-3-Guinet & Caccavari-1992-x1000 / Stryphnodendron_polystachyum-4-Guinet & Caccavari-1992-x1000
Gwilymia racemiferum,Guinet & Caccavari - 1992,,,Stryphnodendron racemiferum ,Gwilymia_racemiferum,Gwilymia,racemiferum,,Species,-,5,1&2,,,0&5,,55.000,55.000,55.000,34.100,35.400,35.400,3.200,5.500,4.350,1.500,2.000,1.750,,,Prance et al. 3613,K,,,Stryphnodendron_racemiferum-1-Guinet & Caccavari-1992-x1000 / Stryphnodendron_racemiferum-2-Guinet & Caccavari-1992-x1000 / Stryphnodendron_racemiferum-2-Guinet & Caccavari-1992-x1000 / Stryphnodendron_racemiferum-4-Guinet & Caccavari-1992-x1000 / Stryphnodendron_racemiferum-5-Guinet & Caccavari-1992-x10600
Inga edulis,Almeida Braga - 2012,,,Inga edulis ,Inga_edulis,Inga,edulis,,Species,-,6,,,,6,,100.000,100.000,100.000,50.000,50.000,50.000,,,,1.700,1.700,1.700,,,?,RBR,,,Inga_edulis-AlmeidaBraga-2012-400x
Lachesiodendron viridiflorum,LiauKang,15,,Lachesiodendron viridiflorum ,Lachesiodendron_viridiflorum,Lachesiodendron,viridiflorum,,Species,present,3,,5,,6,,35.739,26.000,44.000,24.071,18.000,32.000,1.036,1.626,1.331,0.660,1.044,0.852,,,A. Salino 3306 / Carvalho 3953 / Queiroz 7828 / Salino 3306,ESA / HUEFS / HUEFS / HUEFS,HUEFS 35810 / HUEFS 16194 / HUEFS 72586 / HUEFS 35810,,Lachesiodendron_viridiflorum-Ribeiro-2018-10μm / Lachesiodendron_viridiflorum-2-Ribeiro-2018-10μm / Lachesiodendron_viridiflorum-3-Ribeiro-2018-10μm / Lachesiodendron_viridiflorum-4-Ribeiro-2018-10μm
Marlimorimia bahiana,Caccavari - 2002 / Ribeiro - 2018,,,Pseudopiptadenia bahiana,Marlimorimia_bahiana,Marlimorimia,bahiana,,Species,,5,2,,,4,,40.575,30.000,50.000,32.700,27.500,37.500,,,,1.000,1.000,1.000,,,Mori et King 12188 / Queiroz 9574 / Queiroz 9970 / Queiroz 9989,RB / HUEFS / HUEFS / HUEFS,US 2857049 / HUEFS 86067 / HUEFS 91287 / HUEFS 91307,,Pseudopiptadenia_bahiana-Ribeiro-2018-10μm / Pseudopiptadenia_bahiana-2-Ribeiro-2018-10μm / Pseudopiptadenia_bahiana-3-Ribeiro-2018-10μm / Pseudopiptadenia_bahiana-4-Ribeiro-2018-10μm
Marlimorimia contorta,LiauKang /  Caccavari - 2002 / Ribeiro - 2018,53,,Pseudopiptadenia contorta,Marlimorimia_contorta,Marlimorimia,contorta,,Species,,5,2,,,4,,37.520,30.000,47.500,27.513,16.872,37.500,0.522,0.815,0.669,0.209,0.376,0.293,,,Francisco de S. N. Thomé 03 / Ortandi 305 / Hatschbach 35398 / Queiroz 3700 / Queiroz 4234,ESA / RB / HUEFS / HUEFS / HUEFS,UB 140360 / HUEFS 146828 / HUEFS 14919 / HUEFS 18663,,Pseudopiptadenia_contorta-Ribeiro-2018-10μm / Pseudopiptadenia_contorta-2-Ribeiro-2018-10μm / Pseudopiptadenia_contorta-3-Ribeiro-2018-10μm / Pseudopiptadenia_contorta-4-Ribeiro-2018-10μm
Marlimorimia psilostachya,Caccavari - 2002,,,Pseudopiptadenia psilostachya ,Marlimorimia_psilostachya,Marlimorimia,psilostachya,,Species,,5,2,,,,,40.000,,,,,,,,,,,,,,A. Ducke 15334,RB,,,
Marlimorimia warmingii,Barth & Yoneshigue - 1966,,,Newtonia glaziovii,Marlimorimia_warmingii,Marlimorimia,warmingii,,Species,-,4&5,1&2,1,,4,1,46.250,40.000,52.500,37.800,33.600,42.000,2.500,,2.500,,,2.500,,0.800,Reitz e Klein 5608,HBR,HBR 25859,,
Microlobius foetidus,LiauKang /  Caccavari - 2002,58,,Microlobius foetidus / Microlobius foetidus subs. paraguensis ,Microlobius_foetidus,Microlobius,foetidus,,Species,present,3,2,5,0,7,,24.679,18.232,33.311,17.275,14.038,21.800,0.330,0.753,0.542,0.148,0.295,0.222,,,A. M. de Almeida 236 / Rojas 1787,CEN / SI,CEN 89347 / MO 2187576,,Microlobius_foetidus-Caccavari-2002-10µm / Microlobius_foetidus-2-Caccavari-2002-10µm / Microlobius_foetidus-3-Caccavari-2002-10µm
Mimosa acantholoba,LiauKang,59,x,Mimosa acantholoba ,Mimosa_acantholoba,Mimosa,acantholoba,,Species,present,3,1,3,0,0,,24.300,10.300,14.000,8.450,7.300,9.600,0.104,0.209,0.157,0.104,0.313,0.209,,,M. F. Simon 826,CEN,,,
Mimosa acutistipula,Santos-Silva - 2013,,,Mimosa acutistipula ,Mimosa_acutistipula,Mimosa,acutistipula,,Species,present,3,1,3,0,6,,17.900,16.000,20.000,12.100,11.000,15.000,,,,,,,,,F. França 2262 / A. J. Castro s.n.,HUEFS / UEC 46098,,,Mimosa_acutistipula-Santos-Silva-2013-10μm
Mimosa acutistipula var. acutistipula,Lima - 2008,,,Mimosa acutistipula var. acutistipula ,Mimosa_acutistipula_acutistipula,Mimosa,acutistipula,acutistipula,Variety,present,3,,3&5,0,0&6,,16.900,15.000,19.000,12.600,11.500,14.000,,,,1.000,1.000,1.000,,,E.B. Miranda 343 /  L.P. Queiroz et al. 6561,HUEFS / HUEFS,,,Mimosa_acutistipula_var. acutistipula-Lima-2008-5μm / Mimosa_acutistipula_var. acutistipula-2-Lima-2008-5μm
Mimosa adenocarpa,LiauKang,37,x,Mimosa adenocarpa ,Mimosa_adenocarpa,Mimosa,adenocarpa,,Species,-,2,0,0&5,0,0&6,1,14.466,10.000,21.580,11.067,7.500,15.300,0.467,0.963,0.715,0.313,0.562,0.438,,,F. G. Pereira 288 / CFCR 2109 / L.M. Borges 487,ESA / SPF / SPF,RB 640836,,
Mimosa adenophylla,Santos-Silva - 2013,,,Mimosa adenophylla ,Mimosa_adenophylla,Mimosa,adenophylla,,Species,-,2,1,,,7,,22.000,19.000,25.000,15.500,14.000,17.000,,,,,,,,,J. S. Silva 988,UEC,,,
Mimosa adenophylla var. armandiana,Lima - 2008,,,Mimosa adenophylla var. armandiana ,Mimosa_adenophylla_armandiana,Mimosa,adenophylla,armandiana,Variety,-,1&2,,0&3,0&1,0&6,,21.500,20.000,26.000,16.400,15.000,18.000,,,,1.000,1.000,1.000,,,R.M. Harley et al. 21605 / L.P. Queiroz & N.S. Nascimento 3694 / A.M. Giulietti & R.M. Harley 2075,CEPEC / HUEFS / HUEFS,,,Mimosa_adenophylla_var. armandiana-Lima-2008-5μm / Mimosa_adenophylla_var. armandiana-2-Lima-2008-5μm
Mimosa adenophylla var. mitis,Lima - 2008,,,Mimosa adenophylla var. mitis ,Mimosa_adenophylla_mitis,Mimosa,adenophylla,mitis,Variety,-,1&2,,0&3,0&1,0&6,,22.000,20.000,25.000,15.400,14.000,17.000,,,,1.000,1.000,1.000,,,W.N. Fonseca 214 / R.P. Orlandi 389 / L.C.L. Lima et al. 175 / L.C.L. Lima et al. 184 /  L.C.L. Lima et al. 186,HRB / HRB / HUEFS 97657 / HUEFS 102068 / HUEFS 102066,,, Mimosa_adenophylla_var. mitis-Lima-2008-5μm / Mimosa_adenophylla_var. mitis-2-Lima-2008-5μm / Mimosa_adenophylla_var. mitis-3-Lima-2008-5μm / Mimosa_adenophylla_var. mitis-4-Lima-2008-5μm / Mimosa_adenophylla_var. mitis-5-Lima-2008-5μm
Mimosa adenotricha,LiauKang,34,x,Mimosa adenotricha ,Mimosa_adenotricha,Mimosa,adenotricha,,Species,-,2,1,0&4&5,0,0&6,1,16.338,12.094,18.700,11.936,8.800,15.000,0.701,1.191,0.946,0.209,0.467,0.338,,,V. C. Souza 22449 / R. Mello-Silva 3162,ESA / SPF,HUEFS 193429 / NY 02702151,,
Mimosa aguapeia,LiauKang,,x,Mimosa aguapeia ,Mimosa_aguapeia,Mimosa,aguapeia,,Species,-,2,1,3,1,0,1,24.800,20.000,27.500,18.500,15.000,20.000,0.632,0.894,0.763,0.452,0.588,0.516,,,L.M. Borges SN,SPF,,,
Mimosa albolanata var. brasiliana,LiauKang,,x,Mimosa albolanata var. brasiliana ,Mimosa_albolanata_brasiliana,Mimosa,albolanata,brasiliana,Variety,-,2,1,0&3,0,0,1,20.400,17.300,25.000,13.100,12.500,15.000,0.570,0.920,0.745,0.380,0.610,0.495,,,N.T. Silva 57165,SPF,,,
Mimosa amnis-atri,Santos-Silva - 2013,,,Mimosa amnis-atri ,Mimosa_amnisatri,Mimosa,amnis-atri,,Species,-,2,1,3,1,,,12.700,11.300,17.500,13.100,10.000,16.500,,,,,,,,,J. S. Silva 976 / M. Batalha 3589,UEC / UB,,,Mimosa_amnis-atri-Santos-Silva-2013-10μm
Mimosa apodocarpa,Santos-Silva - 2013,,,Mimosa apodocarpa ,Mimosa_apodocarpa,Mimosa,apodocarpa,,Species,-,2,1,3,1,,,14.200,12.100,18.700,14.500,10.700,17.100,,,,,,,,,A. L. B. Sartori 599 / G. J. Shepherd 7520,UEC / UEC,,,Mimosa_apodocarpa-Santos-Silva-2013-10μm
Mimosa arenosa,Buril - 2010 ,,,Mimosa arenosa ,Mimosa_arenosa,Mimosa,arenosa,,Species,present,3,,3&4,0,,0&1&2,13.800,12.500,15.400,10.100,9.600,11.500,,,,,,,,,E. Córdula 301 / J.S. Silva 196,UFP / UFP,UFP 47481 / UFP 47475,,Mimosa_arenosa-Buril-2010-5μm / Mimosa_arenosa-2-Buril-2010-5μm / Mimosa_arenosa-3-Buril-2010-5μm / Mimosa_arenosa-Buril-2010-5μm / Mimosa_arenosa-2-Buril-2010-5μm / Mimosa_arenosa-3-Buril-2010-5μm
Mimosa arenosa var. arenosa,Lima - 2008,,,Mimosa arenosa var. arenosa ,Mimosa_arenosa_arenosa,Mimosa,arenosa,arenosa,Variety,present,3,,3,0,0&6,,14.200,13.000,16.000,9.700,9.000,12.000,,,,1.200,1.200,1.200,,,L.C.L. Lima et al. 174,HUEFS,,,Mimosa_arenosa_var. arenosa-Lima-2008-5μm
Mimosa artemisiana,Santos-Silva - 2013,,,Mimosa artemisiana ,Mimosa_artemisiana,Mimosa,artemisiana,,Species,-,2,1,,,,,25.000,14.000,39.000,15.500,11.000,20.000,,,,,,,,,E. P. Heringer 6858 / H. F. Leitão Filho 7922,UEC / UEC,,,
Mimosa aurivillus var. aurivillus,LiauKang,26,x,Mimosa aurivillus var. aurivillus,Mimosa_aurivillus_aurivillus,Mimosa,aurivillus,aurivillus,Variety,-,2,0,0&5,0,6,,14.001,11.968,15.447,11.282,10.214,12.764,1.044,1.401,1.223,0.669,0.990,0.830,,,R. M. Harley 27240,ESA,,,
Mimosa bimucronata,Freitas-Cruz - 2018 / LiauKang /  Barth & Yoneshigue - 1966 / Barth 1973,30,,Mimosa bimucronata,Mimosa_bimucronata,Mimosa,bimucronata,,Species,present,3,1,0&5,0,3&4&6,0&1,14.855,10.610,17.500,10.855,8.320,10.000,0.100,0.300,0.200,0.100,0.230,0.165,1.500,0.500,"R Klein 1117 / M Brunet 1888 / Fedele, Mauricio s.n. / O. M. Barth 34-M",R / R / ESA / HBR,NY 419031 / R64069 / ESA 12850 / HBR 81,"HBR 25709 / O. M. Barth 34 = RFA 28066 = Plantae, Rubiaceae",Mimosa_bimucronata-Cruz-2018-5μm / Mimosa_bimucronata-2-Cruz-2018-5μm /  Mimosa_bimucronata-3-Cruz-2018-5μm / Mimosa_bimucronata-4-Cruz-2018-2μm
Mimosa bimucronata var. bimucronata,Lima - 2008,,,Mimosa bimucronata var. bimucronata,Mimosa_bimucronata_bimucronata,Mimosa,bimucronata,bimucronata,Variety,present,3,,,0,0&6,,15.400,14.000,16.000,11.200,11.000,12.000,,,,1.000,1.000,1.000,,,L.P. Queiroz et al. 3802,HUEFS,,,
Mimosa borboremae,Lima - 2008,,,Mimosa borboremae,Mimosa_borboremae,Mimosa,borboremae,,Species,-,2,,0&5,0,0&6,0&1,11.900,11.000,12.500,8.700,8.000,9.000,,,,0.500,0.500,0.500,,,A.G. Silva & L.M. Nascimento 310,IPA,,,Mimosa_borboremae-Lima-2008-5μm
Mimosa caerulea,Medina-Acosta-2018,,,Mimosa caerulea,Mimosa_caerulea,Mimosa,caerulea,,Species,-,2,0&1,5,0,2&3,0,14.000,14.000,14.000,,10.800,10.800,1.600,1.600,1.600,1.060,1.060,1.060,,,J. Rzedowski 20822 / M. Flores-Cruz 916 / V. Diego-Escobar et al. 19,UAMIZ22484 / UAMIZ40116 / UAMIZ55295,,,Mimosa_caerulea-Medina-Acosta-2018-5μm / Mimosa_caerulea-2-Medina-Acosta-2018-5μm / Mimosa_caerulea-3-Medina-Acosta-2018-5μm / Mimosa_caerulea-4-Medina-Acosta-2018-2μm / Mimosa_caerulea-5-Medina-Acosta-2018-1μm / Mimosa_caerulea-6-Medina-Acosta-2018-2μm / Mimosa_caerulea-7-Medina-Acosta-2018-200nm / Mimosa_caerulea-8-Medina-Acosta-2018-200nm
Mimosa caesalpiniifolia,Lima - 2008,,,Mimosa caesalpiniifolia,Mimosa_caesalpiniifolia,Mimosa,caesalpiniifolia,,Species,present,3,,3,0,0&6,,12.900,12.000,13.500,9.800,9.000,10.500,,,,1.000,1.000,1.000,,,M.M. Silva et al.397,HUEFS,,,Mimosa_caesalpiniifolia-Lima-2008-5μm / Mimosa_caesalpiniifolia-2-Lima-2008-5μm
Mimosa calcicola,Medina-Acosta-2018,,,Mimosa calcicola,Mimosa_calcicola,Mimosa,calcicola,,Species,present,3,1,3&4,0,2&3,0&1,16.730,15.300,18.540,12.880,11.700,15.120,0.800,0.800,0.800,0.900,0.900,0.900,,,S. A. Montãno Arias et al. 15 / A. Martínez-Bernal et al. 277 / A. Martínez-Bernal et al. 266,UAMIZ65758 / UAMIZ68082 / -,,,Mimosa_calcicola-Medina-Acosta-2018-10μm / Mimosa_calcicola-2-Medina-Acosta-2018-2μm / Mimosa_calcicola-3-Medina-Acosta-2018-2μm / Mimosa_calcicola-4-Medina-Acosta-2018-2μm / Mimosa_calcicola-5-Medina-Acosta-2018-200nm / Mimosa_calcicola-6-Medina-Acosta-2018-200nm
Mimosa campicola var. campicola,Lima - 2008,,,Mimosa campicola var. campicola,Mimosa_campicola_campicola,Mimosa,campicola,campicola,Variety,-,2,,0&3,0&1,0&6,0&1,29.500,25.500,32.000,23.700,21.000,27.000,,,,1.000,1.000,1.000,,,A.M. Carvalho & J. Saunders 2886,HUEFS,,,
Mimosa candollei,LiauKang /  Buril - 2010 / Lima - 2008,23,,Mimosa candollei  / Mimosa quadrivalvis var. leptocarpa,Mimosa_candollei,Mimosa,candollei,,Species,-,2,1&2,3&5,0&1,0&6,0&1,35.674,29.380,41.000,29.370,23.090,35.500,0.320,0.650,0.485,0.230,,0.295,0.567,0.567,"C. Delfini 234, G. O. Romao & J. Rigon / S. Vieira 135, A. O. Araujo, R. Tsuji e G. S. C. Almeida / D.A. Araújo 207 / E. Córdula 30 / E. Córdula 275 / L.C.L. Lima et al. 182",ESA / UFP / UFP / UFP / HUEFS,ESA 120662 / ESA 85866 / UFP 47363 / UFP 47362 / UFP 47419 / HUEFS 97664,,"Mimosa_quadrivalvis_var. leptocarpa-Buril-2010-5μm / Mimosa_quadrivalvis_var. leptocarpa-2-Buril-2010-5μm / Mimosa_quadrivalvis_var. leptocarpa-3-Buril-2010-5μm / Mimosa_quadrivalvis_var. leptocarpa-Buril-2010-5μm / Mimosa_quadrivalvis_var. leptocarpa-2-Buril-2010-5μm / Mimosa_quadrivalvis_var. leptocarpa-3-Buril-2010-5μm / Mimosa_quadrivalvis_var. leptocarpa-Buril-2010-5μm / Mimosa_quadrivalvis_var. leptocarpa-2-Buril-2010-5μm / Mimosa_quadrivalvis_var. leptocarpa-3-Buril-2010-5μm / Mimosa_quadrivalvis_var. leptocarpa-Lima-2008-5μm / Mimosa_quadrivalvis_var. leptocarpa-2-Lima-2008-2,5μm"
Mimosa capito,LiauKang,,x,Mimosa capito,Mimosa_capito,Mimosa,capito,,Species,-,2,1,0,0,0,1,20.100,17.700,22.500,12.700,11.200,13.800,0.370,0.500,0.435,0.230,0.45,0.340,,,J.A. Ratter 2619,SPF,,,
Mimosa ceratonia,Freitas-Cruz - 2018,,,Mimosa ceratonia,Mimosa_ceratonia,Mimosa,ceratonia,,Species,-,5,,,,3,,23.500,22.500,22.750,20.600,17.500,25.000,,,,2.000,2.000,2.000,1.000,1.000,E Santos 1500 & E Fromm 1478,HB,,,Mimosa_ceratonia-Cruz-2018-5μm / Mimosa_ceratonia-2-Cruz-2018-5μm / Mimosa_ceratonia-3-Cruz-2018-5μm
Mimosa ceratonia var. pseudo-obovata,LiauKang,35,x,Mimosa ceratonia var. pseudo-obovata,Mimosa_ceratonia_pseudoobovata,Mimosa,ceratonia,pseudo-obovata,Variety,present,2&3,1,5,0,0&3,,14.130,13.237,14.876,10.843,10.051,12.472,0.202,0.364,0.283,0.202,0.364,0.283,,,"H. C. de Lima 2797 (ESA 121223, RB 258411)",ESA,,,
Mimosa claussenii var. claussenii,LiauKang,,x,Mimosa claussenii var. claussenii ,Mimosa_claussenii_claussenii,Mimosa,claussenii,claussenii,Variety,-,2,1,0&4&5,0,0,1,16.250,12.500,20.000,13.750,12.500,15.000,0.420,0.610,0.515,0.300,0.480,0.390,,,Pirani 1559,SPF,,,
Mimosa claussenii var. claviceps,LiauKang,,x,Mimosa claussenii var. claviceps ,Mimosa_claussenii_claviceps,Mimosa,claussenii,claviceps,Variety,-,2,1,0,0,0,1,23.000,,,14.300,,,0.540,0.700,0.620,0.340,0.460,0.400,,,T.B. Cavalcante 1323,SPF,,,
Mimosa claussenii var. megistophylla,LiauKang,,x,Mimosa claussenii var. megistophylla,Mimosa_claussenii_megistophylla,Mimosa,claussenii,megistophylla,Variety,-,2,1,0,,0,,20.400,19.900,21.000,12.900,12.700,13.200,0.350,0.820,0.585,0.380,0.540,0.450,,,,,,,
Mimosa claussenii var. prorsiseta,LiauKang,,x,Mimosa claussenii var. prorsiseta,Mimosa_claussenii_prorsiseta,Mimosa,claussenii,prorsiseta,Variety,-,2,1,0&4&5,,0,,27.530,26.290,28.020,16.490,14.130,17.390,0.360,0.830,0.595,0.520,0.800,0.630,,,,,,,
Mimosa cordistipula,Lima - 2008,,,Mimosa cordistipula ,Mimosa_cordistipula,Mimosa,cordistipula,,Species,-,2,,0,0,0&6,,26.100,25.000,28.000,21.700,21.000,23.000,,,,1.000,1.000,1.000,,,A. Oliveira et al. 86,HUEFS,,,Mimosa_cordistipula-Lima-2008-5μm / Mimosa_cordistipula-2-Lima-2008-5μm
Mimosa coruscocaesia,Santos-Silva - 2013,,,Mimosa coruscocaesia ,Mimosa_coruscocaesia,Mimosa,coruscocaesia,,Species,-,2,1,3,1,,,19.700,17.800,22.500,13.800,12.500,15.600,,,,,,,,,G. Hatschbach 39486 / M. F. Simon 324,MBM / UB,,,Mimosa_coruscocaesia-Santos-Silva-2013-10μm / Mimosa_coruscocaesia-2-Santos-Silva-2013-10μm
Mimosa craspedisetosa,Santos-Silva - 2013,,,Mimosa craspedisetosa / Mimosa ferricola,Mimosa_craspedisetosa,Mimosa,craspedisetosa,,Species,-,2,1,3,1,,,15.250,10.500,23.300,12.200,8.000,18.600,,,,,,,,,A. Fuentes and G. Navarro 2195 / G. Hatschbach 60807,NY / MBM,,,Mimosa_craspedisetosa-Santos-Silva-2013-10μm
Mimosa cruenta,LiauKang,46,,Mimosa cruenta ,Mimosa_cruenta,Mimosa,cruenta,,Species,-,2,1,5,0,2&3,,14.905,12.853,17.137,9.537,8.564,10.635,0.660,0.901,0.781,0.104,0.209,0.157,,,JA Jarenkow 3672 (ESA 60484),ESA,,,
Mimosa daleoides,Medina-Acosta-2018,,,Mimosa daleoides ,Mimosa_daleoides,Mimosa,daleoides,,Species,-,2,,4,1,6,1&2,32.540,27.900,38.700,31.270,27.000,37.800,3.550,,3.550,1.570,1.570,1.570,,,E. Barbosa 2663 / E. Zardini et al. 15387 / W. Hahn et al. 894,MEXU1312835 / MEXU632254 / MEXU452097,,,Mimosa_daleoides-Medina-Acosta-2018-10μm / Mimosa_daleoides-2-Medina-Acosta-2018-10μm / Mimosa_daleoides-3-Medina-Acosta-2018-10μm / Mimosa_daleoides-4-Medina-Acosta-2018-10μm / Mimosa_daleoides-5-Medina-Acosta-2018-5μm / Mimosa_daleoides-6-Medina-Acosta-2018-5μm / Mimosa_daleoides-7-Medina-Acosta-2018-2μm / Mimosa_daleoides-8-Medina-Acosta-2018-2μm / Mimosa_daleoides-9-Medina-Acosta-2018-0.5μm / Mimosa_daleoides-10-Medina-Acosta-2018-1μm
Mimosa dalyi,Santos-Silva - 2013,,,Mimosa dalyi ,Mimosa_dalyi,Mimosa,dalyi,,Species,-,2,1,3,1,,,15.600,14.800,17.000,13.000,11.800,14.000,,,,,,,,,M. Nee 37871,NY,,,Mimosa_dalyi-Santos-Silva-2013-10μm
Mimosa debilis var. debilis,Lima - 2008,,,Mimosa debilis var. debilis ,Mimosa_debilis_debilis,Mimosa,debilis,debilis,Variety,-,2,,0&5,0,0,,10.700,10.000,11.000,10.200,10.000,11.000,,,,0.800,0.800,0.800,,,T.S. Nunes et al. 1027,HUEFS,,,Mimosa_debilis_var. debilis-Lima-2008-5μm
Mimosa dichroa,Santos-Silva - 2013,,,Mimosa dichroa ,Mimosa_dichroa,Mimosa,dichroa,,Species,present,3,1,4,0,,,10.500,10.000,11.000,8.900,8.500,9.000,,,,,,,,,G. Pereira-Silva 4565 / H.G.P. dos Santos 424,CEN / UEC,,,Mimosa_dichroa-Santos-Silva-2013-10μm
Mimosa diplotricha var. diplotricha,LiauKang,26,x,Mimosa diplotricha var. diplotricha ,Mimosa_diplotricha_diplotricha,Mimosa,diplotricha,diplotricha,Variety,-,2,1,3,1,2,,34.061,29.943,40.221,25.966,23.661,28.220,1.044,1.670,1.357,0.835,1.337,1.086,,,"Kuntz, J. 445",ESA,,,
Mimosa dolens var. dolens,LiauKang,63,,Mimosa dolens var. dolens,Mimosa_dolens_dolens,Mimosa,dolens,dolens,Variety,-,2,0,5,0,6,,13.169,11.566,14.235,11.988,10.385,13.539,0.204,0.323,0.264,0.204,0.306,0.268,,,,,,,
Mimosa dryandroides,LiauKang,39,x,Mimosa dryandoides ,Mimosa_dryandroides,Mimosa,dryandroides,,Species,-,2,1,0&5,0,0&6,,13.117,11.648,15.195,8.682,7.305,9.840,0.522,0.669,0.596,0.148,0.330,0.239,,,J. M. 38180 ( ESA 129629),ESA,,,
Mimosa elliptica,Freitas-Cruz - 2018,,,Mimosa elliptica ,Mimosa_elliptica,Mimosa,elliptica,,Species,present,3,,3,0,3,0&1,27.800,27.500,32.500,22.000,20.000,22.500,,,,2.000,2.000,2.000,1.000,1.000,Sampaio 1325,R,,,Mimosa_elliptica-Cruz-2018-5μm / Mimosa_elliptica-2-Cruz-2018-5μm / Mimosa_elliptica-3-Cruz-2018-5μm
Mimosa ephedroides,Caccavari - 2002,,,Mimosa ephedroides ,Mimosa_ephedroides,Mimosa,ephedroides,,Species,present,3,2,4,0,,,18.000,,,,,,,,,,,,,,Sayago 2427,SI,,,Mimosa_ephedroides-Caccavari-2002-10µm
Mimosa exalbescens,Lima - 2008,,,Mimosa exalbescens ,Mimosa_exalbescens,Mimosa,exalbescens,,Species,present,3,,,0,0&6,,13.800,13.000,15.000,10.500,10.000,11.000,,,,0.500,0.500,0.500,,,F. França et al. 3865,HUEFS,,,Mimosa_exalbescens-Lima-2008-5μm
Mimosa fiebrigii,Santos-Silva - 2013,,,Mimosa fiebrigii ,Mimosa_fiebrigii,Mimosa,fiebrigii,,Species,-,2,1,3,1,,,17.100,15.600,20.500,14.500,10.600,16.500,,,,,,,,,J. S. Silva and G. H. Shimizu 911 / S. A. Faria and H. C. Lima s.n.,UEC / SMF 1432,,,Mimosa_fiebrigii-Santos-Silva-2013-10μm / Mimosa_fiebrigii-2-Santos-Silva-2013-10μm
Mimosa filipes,Lima - 2008,,,Mimosa filipes ,Mimosa_filipes,Mimosa,filipes,,Species,-,2,,0,0,0&6,0&1,21.700,20.000,25.000,20.500,17.500,22.500,,,,1.100,1.100,1.100,,,L.C.L. Lima et al. 170 / L.C.L. Lima et al. 176,HUEFS / HUEFS,,,
Mimosa floridana,Flores-Cruz - 2006,,,Mimosa quadrivalvis var. floridana ,Mimosa_floridana,Mimosa,floridana,,Species,-,2,1,,,6,,28.000,28.000,28.000,25.000,25.000,25.000,1.300,1.300,1.300,1.300,1.300,1.300,,,"O. Lakela 24550, 24712",TEX,,,
Mimosa foliolosa var. brevibractea,LiauKang,,x,Mimosa foliolosa var. brevibractea ,Mimosa_foliolosa_brevibractea,Mimosa,foliolosa,brevibractea,Variety,-,2,1,0&3,0&1,0,1,20.100,17.500,22.500,13.000,12.000,15.000,0.380,0.720,0.550,0.240,0.500,0.360,,,CFCR 1061,SPF,,,
Mimosa foliolosa var. franciscana,LiauKang,,x,Mimosa foliolosa var. franciscana ,Mimosa_foliolosa_franciscana,Mimosa,foliolosa,franciscana,Variety,-,2,1,0&3,0&1,0,1,20.600,15.500,22.500,12.500,10.900,13.000,0.320,0.670,0.495,0.340,0.610,0.420,,,CFCR 15241,SPF,,,
Mimosa foliolosa var. multipinna,LiauKang,,x,Mimosa foliolosa var. multipinna ,Mimosa_foliolosa_multipinna,Mimosa,foliolosa,multipinna,Variety,-,2,1,0&3,0,0,1,19.700,17.500,22.500,13.100,12.500,15.000,0.510,0.670,0.590,0.360,0.630,0.500,,,W. Thomas 5794,SPF,,,
Mimosa foliolosa var. pachycarpa,LiauKang,32,x,Mimosa foliolosa var. pachycarpa ,Mimosa_foliolosa_pachycarpa,Mimosa,foliolosa,pachycarpa,Variety,-,2,1,3,0,0,,18.019,15.661,22.439,13.474,10.536,17.595,0.290,0.540,0.415,0.300,0.460,0.370,,,"V. C. Souza 10280, J. Paula-Souza, V. R. Scalon, F. J. Campos 10280 (ESA 36094)",ESA,,,
Mimosa foliolosa var. paranani,LiauKang,10,x,Mimosa foliolosa var. paranani ,Mimosa_foliolosa_paranani,Mimosa,foliolosa,paranani,Variety,-,2,1,3&5,,0&2,,20.160,18.190,21.660,12.960,17.74,14.150,0.300,0.320,0.310,0.220,0.360,0.280,,,YBS76,SPSC,,,
Mimosa foliolosa var. pubescens,LiauKang,"41, 64",x,Mimosa foliolosa var. pubescens ,Mimosa_foliolosa_pubescens,Mimosa,foliolosa,pubescens,Variety,-,2,1,3&5,0&1,0&2,,19.138,17.084,21.566,13.304,11.519,14.766,0.635,1.044,0.840,0.290,0.410,0.330,,,J. Paula-Souza 4270 / M. F. Simon 2578,ESA /CEN,,,
Mimosa foliolosa var. vernicosa,LiauKang,,x,Mimosa foliolosa var. vernicosa ,Mimosa_foliolosa_vernicosa,Mimosa,foliolosa,vernicosa,Species,-,2,1,0&4&5,0&1,0,1,18.800,17.500,22.500,12.120,10.000,13.700,0.500,0.900,0.700,0.330,0.630,0.420,,,"A. Furlan, CFCR 3208",SPF,,,
Mimosa foliolosa var. viscidula,LiauKang,,x,Mimosa foliolosa var. viscidula ,Mimosa_foliolosa_viscidula,Mimosa,foliolosa,viscidula,Variety,-,2,1,0,0,0,1,20.600,18.700,22.500,13.000,11.300,16.000,0.570,0.830,0.700,0.680,0.930,0.810,,,CFCR 10502,SPF,,,
Mimosa gracilis var. capillipes,LiauKang,,x,Mimosa gracilis var. capillipes,Mimosa_gracilis_capillipes,Mimosa,gracilis,capillipes,Variety,-,2,1,0&3,,0&6,,23.780,19.820,27.110,16.950,15.040,20.310,0.500,0.800,0.650,0.300,0.570,0.400,,,,,,,
Mimosa gemmulata,LiauKang /  Lima - 2008 / Santos-Silva - 2013,,,Mimosa gemmulata ,Mimosa_gemmulata,Mimosa,gemmulata,,Species,-,2,1,0&4&5,1,0&6,,21.143,14.580,25.000,15.617,9.930,20.000,0.320,0.400,0.360,0.290,0.530,0.390,,,M.L.S. Guedes et al. 7934 / R. M. Harley 21116 / A. M. G. A. Tozzi and L. S. Kinoshita 526 / G. Hatschbach 55117,HUEFS / UEC / UEC / MBM,HUEFS 55378 / US 2965619 / UEC 125252 / MBM 140974,,Mimosa_gemmulata-Santos-Silva-2013-1μm / Mimosa_gemmulata-2-Santos-Silva-2013-1μm
Mimosa glutinosa,Santos-Silva - 2013,,,Mimosa glutinosa ,Mimosa_glutinosa,Mimosa,glutinosa,,Species,-,2,1,3,1,,,18.500,16.800,20.000,12.800,10.000,14.500,,,,,,,,,J. S. Silva 857 / J. S. Silva and J. C. Galvão 852,UEC / UEC,,,Mimosa_glutinosa-Santos-Silva-2013-10μm / Mimosa_glutinosa-2-Santos-Silva-2013-1μm
Mimosa guilandinae var. extensissima,Caccavari - 2002,,,Mimosa guilandinae var. extensissima ,Mimosa_guilandinae_extensissima,Mimosa,guilandinae,extensissima,Variety,-,5,1,1,0,0,,23.000,,,,,,,,,,,,,,Schunke 1881 COL.136017,COL,,,Mimosa_guilandinae_var. extensissima-Caccavari-2002-10µm / Mimosa_guilandinae_var. extenssisima-2-Caccavari-2002-10µm / Mimosa_guilandinae_var. extenssisima-3-Caccavari-2002-10µm
Mimosa hapaloclada,Santos-Silva - 2013,,,Mimosa hapaloclada ,Mimosa_hapaloclada,Mimosa,hapaloclada,,Species,present,3,1,,0,,,22.100,19.700,24.200,15.500,10.000,17.700,,,,,,,,,F. R. Martins 16250 / G. Hatschbach 60460,UEC / MBM,,,Mimosa_hapaloclada-Santos-Silva-2013-1μm
Mimosa hebecarpa,Santos-Silva - 2013,,,Mimosa hebecarpa ,Mimosa_hebecarpa,Mimosa,hebecarpa,,Species,-,2,1,3,1,,,18.100,17.200,22.000,14.000,13.000,15.200,,,,,,,,,H. F. Leitão Filho 2113 / J. S. Silva and G. H. Shimizu 952,UEC / UEC,,,Mimosa_hebecarpa-Santos-Silva-2013-1μm
Mimosa hexandra,Lima - 2008,,,Mimosa hexandra ,Mimosa_hexandra,Mimosa,hexandra,,Species,present,3,,,0,0&6,,14.600,13.000,16.000,10.900,10.000,11.500,,,,0.500,0.500,0.500,,,A.T.A. Rodarte 133,HUEFS,,,Mimosa_hexandra-Lima-2008-5μm
Mimosa honesta,LiauKang,,x,Mimosa honesta,Mimosa_honesta,Mimosa,honesta,,Species,-,2,0,0&3,,0&6,,7.880,7.510,8.060,6.780,6.280,7.310,0.150,0.280,0.215,0.170,0.280,0.210,,,,,,,
Mimosa hystricina,Flores-Cruz - 2006,,,Mimosa hystricina ,Mimosa_hystricina,Mimosa,hystricina,,Species,-,2,1,0,0,6,,27.000,27.000,27.000,24.000,24.000,24.000,1.300,1.300,1.300,1.300,1.300,1.300,,,D. S. Correll 32974 /  A. Lasseigne 1577,TEX / MEXU,,,Mimosa_hystricina-Flores-Cruz-2006-10μm / Mimosa_hystricina-2-Flores-Cruz-2006-1μm
Mimosa insignis,Santos-Silva - 2013,,,Mimosa insignis ,Mimosa_insignis,Mimosa,insignis,,Species,-,2,1,3,1,,,16.600,13.500,20.000,12.500,11.200,13.100,,,,,,,,,J. S. Silva and G. H. Shimizu 900 / A. Pott 14130,UEC / UEC,,,Mimosa_insignis-Santos-Silva-2013-1μm
Mimosa interrupta,Santos-Silva - 2013,,,Mimosa interrupta ,Mimosa_interrupta,Mimosa,interrupta,,Species,-,2,1,3,1,,,17.500,15.000,19.000,10.500,9.000,13.500,,,,,,,,,A. Pott 14130 / J. A. Ratter and A. J. Santos s.n.,UEC / UEC,,,Mimosa_interrupta-Santos-Silva-2013-1μm
Mimosa invisa,Buril - 2010 / Lima - 2008,,,Mimosa invisa ,Mimosa_invisa,Mimosa,invisa,,Species,-,2,1&2,0&3,0&1,0&6,1,22.233,17.500,25.900,18.033,16.300,20.200,,,,1.000,1.400,1.200,,,E. Córdula 83 / E. Córdula 272 / L.P. Queiroz 5818,HUEFS / UFP / HUEFS,HUEFS 117731 / UFP 47423 / HUEFS 43565,,Mimosa_invisa-Buril-2010-5μm / Mimosa_invisa-2-Buril-2010-5μm / Mimosa_invisa-3-Buril-2010-5μm / Mimosa_invisa-Buril-2010-5μm / Mimosa_invisa-2-Buril-2010-5μm / Mimosa_invisa-3-Buril-2010-5μm / Mimosa_invisa-Lima-2008-5μm
Mimosa invisa var. macrostachya,LiauKang,36,,Mimosa invisa var. macrostachya ,Mimosa_invisa_macrostachya,Mimosa,invisa,macrostachya,Variety,-,2,1,3,1,0,,23.787,19.822,27.114,16.959,15.045,20.318,0.418,0.842,0.630,0.209,0.467,0.338,,,L.V. B. bufo & P. C. Sabadim s.n.,ESA,,,
Mimosa irrigua,Lima - 2008,,,Mimosa irrigua ,Mimosa_irrigua,Mimosa,irrigua,,Species,present,3,,,0,0&6,,18.500,17.500,20.000,13.100,12.000,14.000,,,,1.000,1.000,1.000,,,M.L.S. Guedes et al. 7961,HUEFS,HUEFS 55081,,
Mimosa laniceps,LiauKang,,x,Mimosa laniceps ,Mimosa_laniceps,Mimosa,laniceps,,Species,-,2,1,0,0,0,1,21.000,17.500,22.500,13.500,12.500,17.600,0.650,1.120,0.885,0.330,0.580,0.450,,,Irwin 24658,SPF,,,
Mimosa laticifera,LiauKang /  Barth - 1973,45,,Mimosa laticifera ,Mimosa_laticifera,Mimosa,laticifera,,Species,present,3,,3,1,6,0&1,20.403,14.000,28.909,15.572,10.500,22.623,0.425,1.001,0.713,0.200,0.425,0.313,,,VC Souza 15003 (ESA 44188) / O. M. Barth 808,ESA / ?,,,
Mimosa latidens,Flores-Cruz - 2006,,,Mimosa latidens ,Mimosa_latidens,Mimosa,latidens,,Species,-,2,1,0,0,6,,33.000,33.000,33.000,30.000,30.000,30.000,1.300,1.300,1.300,1.300,1.300,1.300,,,R. Runyon 3790 / A. Heller 1179 / Rzedowski 4578 / D. Flyr 1552,TEX / BRIT / ENCB / TEX,,,Mimosa_latidens-Flores-Cruz-2006-10μm
Mimosa lepidophora,Lima - 2008,,,Mimosa lepidophora ,Mimosa_lepidophora,Mimosa,lepidophora,,Species,-,4,,1,0,0,,22.700,21.000,24.000,18.600,16.000,21.000,,,,1.100,1.100,1.100,,,L.P. Queiroz et al. 9666,HUEFS,,,Mimosa_lepidophora-Lima-2008-5μm / Mimosa_lepidophora-2-Lima-2008-5μm / Mimosa_lepidophora-3-Lima-2008-5μm
Mimosa lewisii,Lima - 2008,,,Mimosa lewisii ,Mimosa_lewisii,Mimosa,lewisii,,Species,-,2,,0,0,0&6,,23.500,20.000,25.500,17.100,15.000,17.500,,,,1.100,1.100,1.100,,,L.C.L. Lima et al. 171 / L.C.L. Lima et al. 178,HUEFS / HUEFS,,,
Mimosa maguirei,LiauKang,,x,Mimosa maguirei ,Mimosa_maguirei,Mimosa,maguirei,,Species,-,2,1,0&5,0,0,1,19.700,17.500,21.300,13.100,12.500,15.000,0.540,0.800,0.670,0.330,0.570,0.490,,,M.L.O. Trovó 417,SPF,,,
Mimosa manidea,LiauKang,4,x,Mimosa manidea,Mimosa_manidea,Mimosa,manidea,,Species,-,2,1,0&5,0,0,1,15.647,11.192,20.000,9.976,8.646,13.700,0.200,0.448,0.324,0.100,0.200,0.150,,,YBS74 / M.L.O. Trovó 462,SPSC / SPF,SPF 189849,,
Mimosa mensicola,Lima - 2008 / Santos-Silva - 2013,,,Mimosa mensicola,Mimosa_mensicola,Mimosa,mensicola,,Species,present,3,1,,0,0&6,,14.750,13.000,17.000,11.400,11.000,12.000,,,,1.000,1.000,1.000,,,F. França et al. 2840 / F. França 4687,HUEFS / HUEFS,HUEFS 37498 / HUEFS 74892,,
Mimosa misera,Lima - 2008,,,Mimosa misera ,Mimosa_misera,Mimosa,misera,,Species,-,2,,3,1,0&6,,25.900,25.000,27.500,20.100,16.300,22.500,,,,1.100,1.100,1.100,,,L.C.L. Lima et al. 169 / L.C.L. Lima et al. 177,HUEFS / HUEFS,,,Mimosa_misera-Lima-2008-5μm
Mimosa modesta,Lima - 2008,,,Mimosa modesta ,Mimosa_modesta,Mimosa,modesta,,Species,-,2,,0&5,0,0,,9.900,9.500,10.000,9.300,9.000,10.000,,,,0.700,0.700,0.700,,,A. Oliveira et al. 78,HUEFS,,,Mimosa_modesta-Lima-2008-5μm / Mimosa_modesta-2-Lima-2008-5μm
Mimosa morroensis,Lima - 2008,,,Mimosa morröensis ,Mimosa_morroensis,Mimosa,morroensis,,Species,-,2,,0&5,0,0&6,0&1,11.000,10.000,12.000,9.000,8.500,9.500,,,,0.600,0.600,0.600,,,J.G.A. Nascimento & M.C. Machado 244,HUEFS,,,
Mimosa myrioglandulosa,LiauKang,11,x,Mimosa myrioglandulosa ,Mimosa_myrioglandulosa,Mimosa,myrioglandulosa,,Species,-,2,1,3&4,0&1,0,,16.750,14.809,19.363,11.292,8.180,13.037,0.308,0.478,0.393,0.230,0.283,0.257,,,YBS91,SPSC,,,
Mimosa nothopteris,Santos-Silva - 2013,,,Mimosa nothopteris ,Mimosa_nothopteris,Mimosa,nothopteris,,Species,-,2,1,,0,,,16.500,10.500,18.400,13.000,10.000,15.000,,,,,,,,,G. P. Lewis and H. P. N. Pearson 1074,RB,,,Mimosa_nothopteris-Santos-Silva-2013-1μm
Mimosa obstrigosa,Caccavari - 2002,,,Mimosa obstrigosa ,Mimosa_obstrigosa,Mimosa,obstrigosa,,Species,-,2,,5,0,,,10.000,,,,,,,,,,,,,,Burkart 15444,SI,,,Mimosa_obstrigosa-Caccavari-2002-10µm
Mimosa occidentalis,Medina-Acosta-2018,,,Mimosa occidentalis ,Mimosa_occidentalis,Mimosa,occidentalis,,Species,-,2,0&1,5,0,2,0,15.100,15.100,15.100,10.000,10.000,10.000,0.750,0.750,0.750,0.870,0.870,0.870,,,E. Martínez S. 36905 / S. Zamudio R. et al. 550 / R. Grether et al. 1361,MEXU1174698 / UAMIZ48112 / UAMIZ14179,,,Mimosa_occidentalis-Medina-Acosta-2018-5μm / Mimosa_occidentalis-2-Medina-Acosta-2018-5μm / Mimosa_occidentalis-3-Medina-Acosta-2018-2μm / Mimosa_occidentalis-4-Medina-Acosta-2018-1μm / Mimosa_occidentalis-5-Medina-Acosta-2018-2μm / Mimosa_occidentalis-6-Medina-Acosta-2018-1μm / Mimosa_occidentalis-7-Medina-Acosta-2018-0.5μm
Mimosa oedoclada,LiauKang,1,x,Mimosa oedoclada ,Mimosa_oedoclada,Mimosa,oedoclada,,Species,-,2,1,3&5,0&1,0,,16.551,15.035,17.984,10.879,9.849,12.250,0.418,0.577,0.498,0.330,0.752,0.541,,,YBS73,SPSC,,,
Mimosa ophthalmocentra,Buril - 2010 / Lima - 2008 / Santos-Silva - 2013,,,Mimosa ophthalmocentra,Mimosa_ophthalmocentra,Mimosa,ophthalmocentra,,Species,present,3,1,4,0,0&6,0&1&2,13.800,10.500,19.600,9.875,7.100,12.800,,,,0.600,0.600,0.600,,,L.C.L. Lima 180 / M.F. Simon 701 / M.J.S. Lemos et al. 142 / J. S. Silva 838 / Y. Melo 214,HUEFS / HUEFS / HUEFS / UEC / UFP,HUEFS 97662 / HUEFS 117269 / HUEFS 52488 / SPF 221499 (J. S. Silva 838),,Mimosa_ophtalmocentra-Buril-2010-5μm / Mimosa_ophtalmocentra-2-Buril-2010-5μm / Mimosa_ophtalmocentra-3-Buril-2010-5μm / Mimosa_ophtalmocentra-Buril-2010-5μm / Mimosa_ophtalmocentra-2-Buril-2010-5μm / Mimosa_ophtalmocentra-3-Buril-2010-5μm / Mimosa_ophthalmocentra-Santos-Silva-2013-10μm / Mimosa_ophthalmocentra-2-Santos-Silva-2013-SEM_ESCALA
Mimosa paludosa,LiauKang /  Lima - 2008,12,,Mimosa paludosa / Mimosa setosa var. paludosa,Mimosa_paludosa,Mimosa,paludosa,,Species,-,2,1,0&5,0,0&6,1,22.550,18.800,25.000,15.500,12.500,20.000,0.710,1.100,0.905,0.620,0.990,0.790,,,YBS89 / A.S. Conceição et al. 411 / Pirani 2233,SPSC / HUEFS  / SPF ,HUEFS 40189 / SPF 60797,,
Mimosa papposa,Caccavari - 2002,,,Mimosa papposa ,Mimosa_papposa,Mimosa,papposa,,Species,-,2,,4&5,0&1,,,12.000,,,,,,,,,,,,,,,,,,Mimosa_papposa-Caccavari-2002-10µm
Mimosa paraibana,Lima - 2008,,,Mimosa paraibana ,Mimosa_paraibana,Mimosa,paraibana,,Species,present,3,,,0,0&6,,13.800,13.000,15.000,10.200,9.500,10.500,,,,0.500,0.500,0.500,,,M.F. Agra et al. 5735,HUEFS,,,Mimosa_paraibana-Lima-2008-5μm
Mimosa pigra,Lima - 2008,,,Mimosa pigra ,Mimosa_pigra,Mimosa,pigra,,Species,-,2,,0&3,0&1,,,25.700,23.800,27.500,18.100,15.000,20.000,,,,1.000,1.000,1.000,,,L.P. Queiroz et al. 4775,HUEFS,IPA 81833,,
Mimosa pigra var. dehiscens,LiauKang,43,,Mimosa pigra var. dehiscens  / Mimosa pigra,Mimosa_pigra_dehiscens,Mimosa,pigra,dehiscens,Variety,-,2,1,0&3,0&1,0&6,1,22.289,20.000,27.242,16.703,13.882,20.000,0.700,0.945,0.823,0.313,0.430,0.372,,,J Paula-Souza 8103 / L.M. Borges 20,ESA / SPF,SPF 183407,J Paula-Souza 8103 = Mimosa pigra dehiscens,
Mimosa piresii,LiauKang,,x,Mimosa piresii ,Mimosa_piresii,Mimosa,piresii,,Species,-,2,1,0&3,0&1,0,1,20.400,17.500,22.500,14.900,12.500,16.300,,,,,,,,,R.R.Riberio 1200,SPF,,,
Mimosa pithecolobioides,Lima - 2008 / LiauKang,,,Mimosa pithecolobioides,Mimosa_pithecolobioides,Mimosa,pithecolobioides,,Species,-,4,1,1,0,0,,23.174,21.000,25.000,16.969,14.000,21.328,0.204,0.421,0.313,0.144,1.000,0.307,,,J.G. Jardim et al. 3274,HUEFS,,,Mimosa_pithecolobioides-Lima-2008-5μm
Mimosa pringlei var. pringlei,Medina-Acosta-2018,,,Mimosa pringlei var. pringlei ,Mimosa_pringlei_pringlei,Mimosa,pringlei,pringlei,Variety,present,3,1,4,0,2,0&1,16.560,15.300,18.000,12.610,11.700,13.500,0.760,0.760,0.760,0.870,0.870,0.870,,,J. Rzedowski 53916 / E. Carranza 3305 / R. Grether et al. 2746,IEB53916 / - / -,,,Mimosa_pringlei_var.pringlei-Medina-Acosta-2018-10μm / Mimosa_pringlei_var.pringlei-2-Medina-Acosta-2018-10μm / Mimosa_pringlei_var.pringlei-3-Medina-Acosta-2018-5μm / Mimosa_pringlei_var.pringlei-4-Medina-Acosta-2018-2μm / Mimosa_pringlei_var.pringlei-5-Medina-Acosta-2018-200nm / Mimosa_pringlei_var.pringlei-6-Medina-Acosta-2018-200nm
Mimosa prorepens,LiauKang,,x,Mimosa prorepens ,Mimosa_prorepens,Mimosa,prorepens,,Species,-,2,1,0&5,,0,1,16.900,12.500,18.000,11.800,10.000,12.600,0.380,0.600,0.490,0.370,0.550,0.470,,,Hatschback 60171,SPF,,,
Mimosa pseudosepiaria,Lima - 2008,,,Mimosa pseudosepiaria ,Mimosa_pseudosepiaria,Mimosa,pseudosepiaria,,Species,present,3,,,0,0&6,,14.900,13.000,16.500,10.400,9.000,14.000,,,,0.500,0.500,0.500,,,L. Passos et al. 389,HUEFS,,,
Mimosa pteridifolia,LiauKang /  Santos-Silva - 2013,3,,Mimosa pteridifolia,Mimosa_pteridifolia,Mimosa,pteridifolia,,Species,-,1&2,1,4&5,0&1,2,,20.346,17.149,26.300,14.655,10.746,18.100,0.295,0.453,0.374,0.202,0.365,0.284,,,YBS37 / M. M. Arbo 3652 / M. Macedo 1089,SPSC / UEC / UEC,NY 00934110 (M. M. Arbo 3652) / UEC 30953,,
Mimosa pudica,Lima - 2008,,,Mimosa pudica ,Mimosa_pudica,Mimosa,pudica,,Species,-,2,,0&5,0,0,,10.400,10.000,11.000,10.100,9.000,11.000,,,,0.500,0.500,0.500,,,F. França et al. 1735,HUEFS,HUEFS 23306,,Mimosa_pudica-Lima-2008-5μm / Mimosa_pudica-2-Lima-2008-5μm
Mimosa quadrivalvis var. angustata,Flores-Cruz - 2006,,,Mimosa quadrivalvis var. angustata ,Mimosa_quadrivalvis_angustata,Mimosa,quadrivalvis,angustata,Variety,-,2,1,0,0,6,,30.000,30.000,30.000,27.000,27.000,27.000,1.300,1.300,1.300,1.300,1.300,1.300,,,"J. K. Small s/n / R. Kral 4826, 4829",NY / BRIT,1453340,,
Mimosa quadrivalvis var. diffusa,Flores-Cruz - 2006,,,Mimosa quadrivalvis var. diffusa ,Mimosa_quadrivalvis_diffusa,Mimosa,quadrivalvis,diffusa,Variety,-,2,1,0,0,6,,31.000,31.000,31.000,28.000,28.000,28.000,1.300,1.300,1.300,1.300,1.300,1.300,,,J. González Ortega 5957 / M. Flores-Cruz & E. Lott 1367,TEX / CHAPA,,,
Mimosa quadrivalvis var. jaliscensis,Flores-Cruz - 2006,,,Mimosa quadrivalvis var. jaliscensis ,Mimosa_quadrivalvis_jaliscensis,Mimosa,quadrivalvis,jaliscensis,Variety,-,2,1,0,0,6,,36.000,36.000,36.000,30.000,30.000,30.000,1.300,1.300,1.300,1.300,1.300,1.300,,,C. G. Pringle 4453 / J. J. Reynoso et al. 996,MEXU / IBUG,,,
Mimosa quadrivalvis var. nuttallii,Flores-Cruz - 2006,,,Mimosa nuttallii ,Mimosa_quadrivalvis_nuttallii,Mimosa,quadrivalvis,nuttallii,Variety,-,2,1,0,0,6,,29.000,29.000,29.000,26.000,26.000,26.000,1.300,1.300,1.300,1.300,1.300,1.300,,,D. S. Correll 16380 / L. H. Shinners 12423,TEX / BRIT,,,
Mimosa quadrivalvis var. occidentalis,Flores-Cruz - 2006,,,Mimosa rupertiana ,Mimosa_quadrivalvis_occidentalis,Mimosa,quadrivalvis,occidentalis,Variety,-,2,1,0,0,2,,30.000,30.000,30.000,27.000,27.000,27.000,1.300,1.300,1.300,1.300,1.300,1.300,,,M. W. Bierner 91-50 / R. D. Worthington 7082,TEX / TEX,,,
Mimosa quadrivalvis var. paucijuga,Flores-Cruz - 2006,,,Mimosa paucijuga ,Mimosa_quadrivalvis_paucijuga,Mimosa,quadrivalvis,paucijuga,Variety,-,2,1,0,0,6,,35.000,35.000,35.000,30.000,30.000,30.000,0.600,0.600,0.600,0.600,0.600,0.600,,,C. G. Pringle 11432,MEXU,,,Mimosa_paucijuga-Flores-Cruz-2006-1μm
Mimosa quadrivalvis var. platycarpa,Flores-Cruz - 2006,,,Mimosa roemeriana ,Mimosa_quadrivalvis_platycarpa,Mimosa,quadrivalvis,platycarpa,Variety,-,2,1,0,0,2,,33.000,33.000,33.000,29.000,29.000,29.000,1.300,1.300,1.300,1.300,1.300,1.300,,,B. L. Turner 99-157 / V. L. Cory 59271,TEX / BRIT,,,
Mimosa quadrivalvis var. quadrivalvis,Flores-Cruz - 2006,,,Mimosa quadrivalvis var. quadrivalvis ,Mimosa_quadrivalvis_quadrivalvis,Mimosa,quadrivalvis,quadrivalvis,Variety,-,2,1,0,0,6,,35.000,35.000,35.000,32.000,32.000,32.000,1.300,1.300,1.300,1.300,1.300,1.300,,,M. Flores-Cruz & A. Martínez-Bernal 1315 / J. Dorantes D-5027,CHAPA / MEXU,,,
Mimosa quadrivalvis var. urbaniana,Flores-Cruz - 2006,,,Mimosa quadrivalvis var. urbaniana ,Mimosa_quadrivalvis_urbaniana,Mimosa,quadrivalvis,urbaniana,Variety,-,2,1,0,0,2,,28.000,28.000,28.000,25.000,25.000,25.000,,,,,,,,,Axelrod 2498,NY,,,
Mimosa regnellii var. supersetosa,Caccavari - 2002,,,Mimosa regnelli var. supercetosa ,Mimosa_regnellii_supersetosa,Mimosa,regnellii,supersetosa,Variety,-,2,,,,6,,27.000,,,,,,,,,,,,,,Pereira 8365,RB,,,Mimosa_regnellii-Caccavari-2002-10µm
Mimosa rhodostegia,LiauKang,,x,Mimosa rhodostegia ,Mimosa_rhodostegia,Mimosa,rhodostegia,,Species,-,2,1,0&3,0,0,1,20.700,17.500,22.500,13.400,12.500,15.000,0.500,0.800,0.650,0.500,0.800,0.650,,,M.L. Fonseca 590,SPF,,,
Mimosa robusta,Flores-Cruz - 2006,,,Mimosa robusta ,Mimosa_robusta,Mimosa,robusta,,Species,-,2,1,0,0,6,,47.000,47.000,47.000,39.000,39.000,39.000,1.300,1.300,1.300,1.300,1.300,1.300,,,M. Flores- Cruz & F. Riveros 1370 / M. Flores-Cruz & F. Riveros 1330,CHAPA / CHAPA,,,Mimosa_robusta-Flores-Cruz-2006-10μm / Mimosa_robusta-2-Flores-Cruz-2006-10μm
Mimosa rupigena,LiauKang,,x,Mimosa setosa var. rupigena ,Mimosa_rupigena,Mimosa,rupigena,,Species,-,2,1,0&3,0,0,1,19.500,17.500,21.300,13.400,12.500,15.000,0.450,0.730,0.590,0.500,0.900,0.690,,,"J. Semir, CFCR 179",SPF,,,
Mimosa scabrella,LiauKang / Bauermann et al. 2009,27,,Mimosa scabrella,Mimosa_scabrella,Mimosa,scabrella,,Species,-,2,2,0&5,0,8,1,13.490,12.000,15.601,9.575,8.000,11.905,0.400,0.807,0.604,0.448,0.641,0.772,,,V. C. Souza 39542 / S. Diesel 604,ESA / HERULBRA,HERULBRA 1504,US 3397213 = S. Diesel 1504,
Mimosa schomburgkii,Santos-Silva - 2013,,,Mimosa schomburgkii ,Mimosa_schomburgkii,Mimosa,schomburgkii,,Species,-,1&2,1,4&5,0&1,,,30.000,17.500,43.700,16.100,12.500,20.000,,,,,,,,,E. P. Heringer 13935 / G. E. Valente 841,UEC / UEC,,,Mimosa_schomburgkii-Santos-Silva-2013-SEM_ESCALA / Mimosa_schomburgkii-2-Santos-Silva-2013-1μm
Mimosa sensitiva,Buril - 2010,,,Mimosa sensitiva,Mimosa_sensitiva,Mimosa,sensitiva,,Species,-,2,,5,0,0,1,8.650,7.700,9.600,,,,,,,,,,,,Y. Melo 182 / E. Córdula 266,UFP / UFP,UFP 47358 / UFP 47361,,Mimosa_sensitiva-Buril-2010-5μm / Mimosa_sensitiva-2-Buril-2010-5μm / Mimosa_sensitiva-3-Buril-2010-5μm / Mimosa_sensitiva-Buril-2010-5μm / Mimosa_sensitiva-2-Buril-2010-5μm / Mimosa_sensitiva-3-Buril-2010-5μm
Mimosa sensitiva var. sensitiva,Lima - 2008,,,Mimosa sensitiva var. sensitiva ,Mimosa_sensitiva_sensitiva,Mimosa,sensitiva,sensitiva,Variety,-,2,,0&5,0,0,,8.800,8.000,10.000,8.300,8.000,9.000,,,,1.000,1.000,1.000,,,L.C.L. Lima et al. 181,HUEFS,,,
Mimosa sericantha,Santos-Silva - 2013,,,Mimosa sericantha ,Mimosa_sericantha,Mimosa,sericantha,,Species,-,2,1,3&5,0&1,,,23.000,17.200,31.000,11.900,10.000,13.000,,,,,,,,,G. Arbocz 685 / R. Farias 388,UEC / UEC,,,Mimosa_sericantha-Santos-Silva-2013-10μm / Mimosa_sericantha-2-Santos-Silva-2013-1μm
Mimosa setosissima,LiauKang,,x,Mimosa setosissima ,Mimosa_setosissima,Mimosa,setosissima,,Species,-,2,1,0&5,0,0,1,17.200,15.000,20.000,12.100,10.000,18.700,0.360,0.560,0.460,0.450,0.780,0.510,,,Anderson 10236,SPF,,,
Mimosa setuligera,Lima - 2008,,,Mimosa setuligera ,Mimosa_setuligera,Mimosa,setuligera,,Species,-,2,,5,0,0&6,0&1,12.700,11.500,14.000,10.900,10.000,12.000,,,,1.000,1.000,1.000,,,J.G.A. Nascimento et al. 108,HUEFS,,,Mimosa_setuligera-Lima-2008-5μm
Mimosa somnians var. somnians,Lima - 2008,,,Mimosa somnians var. somnians ,Mimosa_somnians_somnians,Mimosa,somnians,somnians,Variety,-,2,,0&3,0&1,0&6,,20.100,15.000,22.500,12.500,10.000,13.800,,,,1.000,1.000,1.000,,,L.P. Queiroz & N.S. Nascimento 3566,HUEFS,,,
Mimosa sousae,Medina-Acosta-2018,,,Mimosa sousae ,Mimosa_sousae,Mimosa,sousae,,Species,-,2,0&1,5,0,2&3,0,14.670,14.670,14.670,10.330,10.330,10.330,1.630,1.630,1.630,1.040,1.040,1.040,,,A. Martínez-Bernal et al. 918 / C. Martínez R. 96 / C. Martínez R. 594,UAMIZ68085 / MEXU456461 / MEXU447971,,,Mimosa_sousae-Medina-Acosta-2018-5μm / Mimosa_sousae-2-Medina-Acosta-2018-5μm / Mimosa_sousae-3-Medina-Acosta-2018-5μm / Mimosa_sousae-4-Medina-Acosta-2018-5μm / Mimosa_sousae-5-Medina-Acosta-2018-2μm / Mimosa_sousae-6-Medina-Acosta-2018-500nm / Mimosa_sousae-7-Medina-Acosta-2018-0.5μm
Mimosa spirocarpa,Medina-Acosta-2018,,,Mimosa spirocarpa ,Mimosa_spirocarpa,Mimosa,spirocarpa,,Species,present,3,1,5,0,2&3,0&1,13.680,11.700,15.300,10.530,8.910,12.600,0.750,0.750,0.750,0.870,0.870,0.870,,,R. Grether et al. 2492 / A. Espejo et al. 4486 / R. Grether et al. 2487,UAMIZ49764 / UAMIZ47020 / UAMIZ27296,,,Mimosa_spirocarpa-Medina-Acosta-2018-5μm / Mimosa_spirocarpa-2-Medina-Acosta-2018-5μm / Mimosa_spirocarpa-3-Medina-Acosta-2018-5μm / Mimosa_spirocarpa-4-Medina-Acosta-2018-5μm / Mimosa_spirocarpa-5-Medina-Acosta-2018-2μm / Mimosa_spirocarpa-6-Medina-Acosta-2018-2μm / Mimosa_spirocarpa-7-Medina-Acosta-2018-200nm / Mimosa_spirocarpa-8-Medina-Acosta-2018-200nm / Mimosa_spirocarpa-9-Medina-Acosta-2018-200nm
Mimosa spixiana,Santos-Silva - 2013,,,Mimosa spixiana ,Mimosa_spixiana,Mimosa,spixiana,,Species,-,2,1,0&5,0,,,18.200,17.500,22.500,16.000,13.500,18.000,,,,,,,,,A. B. Sampaio 551,UFG,,,Mimosa_spixiana-Santos-Silva-2013-1μm / Mimosa_spixiana-2-Santos-Silva-2013-1μm
Mimosa strobiliflora,LiauKang,31,x,Mimosa strobiflora ,Mimosa_strobiliflora,Mimosa,strobiliflora,,Species,-,2,1,0&3,0&1,6,,20.160,18.320,22.546,13.784,10.783,15.547,0.753,1.495,1.124,0.234,0.431,0.333,,,O.S. Ribas 3600,ESA,,,
Mimosa subenervis,Lima - 2008,,,Mimosa subenervis ,Mimosa_subenervis,Mimosa,subenervis,,Species,-,2,,0,0,0&6,0&1,28.500,26.000,30.000,21.700,19.000,25.000,,,,1.000,1.000,1.000,,,F. França et al. 3089,HUEFS,HUEFS 38506,,Mimosa_subenervis-Lima-2008-5μm
Mimosa subinermis,Flores-Cruz - 2006,,,Mimosa subinermis,Mimosa_subinermis,Mimosa,subinermis,,Species,-,2,1,0,0,,,30.000,30.000,30.000,26.000,26.000,26.000,,,,,,,,,E. Palmer 110,MEXU,,,Mimosa_subinermis-Flores-Cruz-2006-1μm
Mimosa taimbensis,Barth & Yoneshigue - 1966,,,Mimosa taimbensis,Mimosa_taimbensis,Mimosa,taimbensis,,Species,-,2,0,0,0,4,2,19.000,14.700,23.100,11.900,8.400,15.800,1.700,,1.700,,1.700,1.200,,0.800,Reitz & Klein 6992,HBR,HBR 25857,,
Mimosa tandilensis,Caccavari - 2002,,,Mimosa tandilensis ,Mimosa_tandilensis,Mimosa,tandilensis,,Species,-,2,1,,,6,,31.000,,,,,,,,,,,,,,Ruiz Leal 22309,SI,,,Mimosa_tandilensis-Caccavari-2002-10µm
Mimosa tenuiflora,Buril - 2010 / Lima - 2008 / Santos-Silva - 2013 / LiauKang,47,,Mimosa tenuiflora,Mimosa_tenuiflora,Mimosa,tenuiflora,,Species,,2,,0&5,0,0&7,1,20.373,11.000,25.000,14.063,7.800,19.000,0.200,0.510,0.355,0.400,0.610,0.505,,,M.T. Vital 87 / E. Córdula 186 / L.P. de Queiroz 7874 / L.P. Queiroz et al. 7841 / R. M. Harley 18971 / J. S. Silva 837 / J. S. Silva 890 / RP Lyra-Lemos 6998,UFP / UFP / HUEFS / HUEFS / UEC / UEC / UEC / ESA,UFP 47457 / UFP 47465 / HUEFS 72632 / HUEFS 72599 / COR 17709 (J. S. Silva 837) / ESA 99145,,Mimosa_tenuiflora-Buril-2010-5μm / Mimosa_tenuiflora-2-Buril-2010-5μm / Mimosa_tenuiflora-3-Buril-2010-5μm / Mimosa_tenuiflora-Buril-2010-5μm / Mimosa_tenuiflora-2-Buril-2010-5μm / Mimosa_tenuiflora-3-Buril-2010-5μm / Mimosa_tenuiflora-Buril-2010-5μm / Mimosa_tenuiflora-2-Buril-2010-5μm / Mimosa_tenuiflora-3-Buril-2010-5μm / Mimosa_tenuiflora-Lima-2008-5μm / Mimosa_tenuiflora-2-Lima-2008-5μm / Mimosa_tenuiflora-Santos-Silva-2013-1μm / Mimosa_tenuiflora-2-Santos-Silva-2013-1μm
Mimosa tetragona,Flores-Cruz - 2006,,,Mimosa tetragona ,Mimosa_tetragona,Mimosa,tetragona,,Species,-,2,1,0,0,2,,30.000,30.000,30.000,25.000,25.000,25.000,,,,,,,,,J. A. Duke 5691 / R. Van et al. 3121,MO / NY,,,Mimosa_tetragona-Flores-Cruz-2006-1μm
Mimosa trianae,Santos-Silva - 2013,,,Mimosa trianae ,Mimosa_trianae,Mimosa,trianae,,Species,-,1&2,1,,,,,15.500,13.200,20.000,14.000,12.900,15.000,,,,,,,,,D. O. Allen 3326,MO,,,
Mimosa ulbrichiana,Lima - 2008,,,Mimosa ulbrichiana ,Mimosa_ulbrichiana,Mimosa,ulbrichiana,,Species,-,2,,0&3,0&1,0&6,0&1,26.800,25.000,29.000,20.500,19.000,22.000,,,,1.000,1.000,1.000,,,T.S. Nunes et al. 965,HUEFS,,,Mimosa_ulbrichiana-Lima-2008-5μm
Mimosa ulei var. ulei,LiauKang,,x,Mimosa ulei var. ulei ,Mimosa_ulei_ulei,Mimosa,ulei,ulei,Variety,-,2,1,0&5,0,0,1,18.400,17.500,20.000,11.400,7.500,12.500,0.500,0.100,0.300,0.470,0.760,0.570,,,Forzza 386,SPF,,,
Mimosa ursina,Lima - 2008,,,Mimosa ursina,Mimosa_ursina,Mimosa,ursina,,Species,-,0&1,,,,0,0,18.150,15.000,22.000,16.000,15.000,17.000,3.600,3.600,3.600,1.700,1.700,1.700,,,M.L.Guedes et al. PCD5161 / L.P. Queiroz et al. 9175 / T.S. Nunes et al. 1027A,HUEFS / HUEFS / HUEFS,HUEFS 28381 / HUEFS 82501 / HUEFS 111176,,Mimosa_ursina-Lima-2008-5μm / Mimosa_ursina-2-Lima-2008-5μm / Mimosa_ursina-3-Lima-2008-5μm / Mimosa_ursina-4-Lima-2008-5μm / Mimosa_ursina-5-Lima-2008-5μm / Mimosa_ursina-6-Lima-2008-5μm / Mimosa_ursina-7-Lima-2008-5μm / Mimosa_ursina-8-Lima-2008-5μm / Mimosa_ursina-9-Lima-2008-5μm
Mimosa velloziana,Lima - 2008,,,Mimosa velloziana ,Mimosa_velloziana,Mimosa,velloziana,,Species,-,2,,0&5,0,0,,10.400,9.500,11.000,9.900,9.000,11.000,,,,0.500,0.500,0.500,,,L.P. Queiroz et al. 9185,HUEFS,,,
Mimosa verrucosa,Lima - 2008 / Santos-Silva - 2013,,,Mimosa verrucosa,Mimosa_verrucosa,Mimosa,verrucosa,,Species,-,2,1,0,0,0&6,,19.100,15.600,22.500,13.650,8.000,17.400,,,,1.000,1.000,1.000,,,K.R.B. Leite et al. 397 / J. S. Silva 827 / J. S. Silva and M. C. Abreu 877,HUEFS / UEC / UEC,HUEFS 75510 / COR 16793 (J. S. Silva 827),,Mimosa_verrucosa-Lima-2008-5μm / Mimosa_verrucosa-2-Lima-2008-5μm / Mimosa_verrucosa-Santos-Silva-2013-1μm / Mimosa_verrucosa-2-Santos-Silva-2013-1μm
Mimosa watsonii,Medina-Acosta-2018,,,Mimosa watsonii ,Mimosa_watsonii,Mimosa,watsonii,,Species,-,4,1,2,0,2&3,0,20.700,20.700,20.700,14.540,14.540,14.540,0.860,0.860,0.860,0.750,0.750,0.750,,,E. Martínez S. et al. 5797 / R. Torres C. et al. 7615 / E. Ventura et al. 2660,UAMIZ10551 / UAMIZ16109 / UAMIZ30668,,,Mimosa_watsonii-Medina-Acosta-2018-10μm / Mimosa_watsonii-2-Medina-Acosta-2018-10μm / Mimosa_watsonii-3-Medina-Acosta-2018-10μm / Mimosa_watsonii-4-Medina-Acosta-2018-10μm / Mimosa_watsonii-5-Medina-Acosta-2018-2μm / Mimosa_watsonii-6-Medina-Acosta-2018-2μm / Mimosa_watsonii-7-Medina-Acosta-2018-10μm / Mimosa_watsonii-8-Medina-Acosta-2018-1μm / Mimosa_watsonii-9-Medina-Acosta-2018-2μm / Mimosa_watsonii-10-Medina-Acosta-2018-500nm / Mimosa_watsonii-11-Medina-Acosta-2018-200nm
Mimosa xavantinae,Santos-Silva - 2013,,,Mimosa xavantinae ,Mimosa_xavantinae,Mimosa,xavantinae,,Species,-,2,1,,,,,14.500,10.000,16.700,13.000,9.000,15.000,,,,,,,,,W. R. Anderson 9668,NY,,,
Mimosa xiquexiquensis,Lima - 2008,,,Mimosa xiquexiquensis ,Mimosa_xiquexiquensis,Mimosa,xiquexiquensis,,Species,-,2,,0&5,0,0&6,0&1,16.600,15.000,18.800,13.000,11.300,15.000,,,,0.500,0.500,0.500,,,L.P. Queiroz et al. 7909,HUEFS,,,Mimosa_xiquexiquensis-Lima-2008-5μm / Mimosa_xiquexiquensis-2-Lima-2008-5μm / Mimosa_xiquexiquensis-3-Lima-2008-5μm
Naiadendron duckeanum,Guinet & Caccavari - 1992,,,Stryphnodendron duckeanum ,Naiadendron_duckeanum,Naiadendron,duckeanum,,Species,-,5,1&2,,,4&6,,36.600,36.600,36.600,26.300,26.300,26.300,1.400,1.900,1.650,0.800,1.000,0.900,,,"Ducke s.n. (9.06.1930, isotype) / Monteiro et al. 929",RFA / INPA,,,Stryphnodendron_duckeanum-1-Guinet & Caccavari-1992-x1000 / Stryphnodendron_duckeanum-2-Guinet & Caccavari-1992-x1000 / Stryphnodendron_duckeanum-3-Guinet & Caccavari-1992-x1000 / Stryphnodendron_duckeanum-4-Guinet & Caccavari-1992-x1000
Neptunia prostrata,LiauKang,24,,Neptunia oleracea ,Neptunia_prostrata,Neptunia,prostrata,,Species,-,0,,,,,,46.130,41.873,51.732,49.881,46.445,55.588,6.549,11.002,8.776,2.460,3.439,2.950,,,J. Paula-Souza 5201 (ESA 90819),ESA,,,
Parapiptadenia blanchetii,Caccavari - 2002 / Ribeiro - 2018,,,Parapiptadenia blanchetii ,Parapiptadenia_blanchetii,Parapiptadenia,blanchetii,,Species,-,5,2,,,4,,31.275,25.000,47.500,26.300,22.500,30.000,,,,1.000,1.000,1.000,,,Blanchet Typus! 3295 / Grupo Pedra do Cavalo 1096 / Lemos 56 / Melo 1410,RB / HUEFS / HUEFS / HUEFS,NY 3202 / HUEFS 1090 / HUEFS 2750 / HUEFS 24846,,Parapiptadenia_blanchetii-Caccavari-2002-10µm / Parapiptadenia_blanchetii-Ribeiro-2018-10μm / Parapiptadenia_blanchetii-2-Ribeiro-2018-10μm / Parapiptadenia_blanchetii-3-Ribeiro-2018-10μm
Parapiptadenia excelsa,Caccavari - 2002,,,Parapiptadenia excelsa ,Parapiptadenia_excelsa,Parapiptadenia,excelsa,,Species,-,4,,,,,,36.000,,,,,,,,,,,,,,J. Santos Biloni 4016,SI,,,Parapiptadenia_excelsa-Caccavari-2002-10µm
Parapiptadenia pterosperma,Caccavari - 2002 / Freitas-Cruz - 2018,,,Parapiptadenia pterosperma / Piptadenia pterosperma,Parapiptadenia_pterosperma,Parapiptadenia,pterosperma,,Species,,5,0,,,3,,37.550,31.500,40.000,29.100,25.000,35.000,,,,,,2.000,1.000,1.000,Campos Porto 2481 / RD Ribeiro 62 & HG Dantas / H Lima et al. 2796,RB / RB / RB,RB 29706 / RB 406389 / RB 258410,,Piptadenia_pterosperma-Cruz-2018-5μm / Piptadenia_pterosperma-2-Cruz-2018-5μm / Piptadenia_pterosperma-3-Cruz-2018-5μm
Parapiptadenia rigida,LiauKang,Predio,,Parapiptadenia rigida ,Parapiptadenia_rigida,Parapiptadenia,rigida,,Species,-,5,,,,,,,,,,,,,,,,,,,,,SPSC,,,
Parapiptadenia zehntneri,Caccavari - 2002 / Buril - 2010 / Ribeiro - 2018,,,Parapiptadenia zehntneri,Parapiptadenia_zehntneri,Parapiptadenia,zehntneri,,Species,,5,2,2,,0&4,1&3,30.400,23.800,37.500,26.000,20.000,32.500,,,,1.000,1.100,1.050,,,Harley 16198 / J.R.Lemos 262 / Bandeira 82 / Conceição 2536 / Guedes 16085,"RB / IPA , HUEFS / HUEFS / HUEFS / HUEFS","RB 196355 / IPA 69464, HUEFS 95711 / HUEFS 19021 / HUEFS 127855 / HUEFS 170315",,Parapiptadenia_zehntneri-Buril-2010-10μm / Parapiptadenia_zehntneri-2-Buril-2010-10μm / Parapiptadenia_zehntneri-3-Buril-2010-10μm / Parapiptadenia_zehntnerii-Ribeiro-2018-10μm / Parapiptadenia_zehntnerii-2-Ribeiro-2018-10μm / Parapiptadenia_zehntnerii-3-Ribeiro-2018-10μm / Parapiptadenia_zehntnerii-4-Ribeiro-2018-10μm
Piptadenia adiantoides,LiauKang / Caccavari - 2002 / Ribeiro - 2018,14,,Piptadenia adiantoides,Piptadenia_adiantoides,Piptadenia,adiantoides,,Species,present,3&4,2,5,0,4,,22.590,18.000,26.000,18.975,12.255,24.000,0.609,0.934,0.772,0.467,0.635,0.551,,,V. C. Souza 29980 / G. Hatschbach 47692 / Lopes 792 / Oliveira 599 / Pirani 5029,ESA / RB / HUEFS / HUEFS / HUEFS,ESA 88363 / RB 226098 / HUEFS 111028 / HUEFS 45655 / HUEFS 68930,,Piptadenia_adiantoides-Ribeiro-2018-10μm / Piptadenia_adiantoides-2-Ribeiro-2018-10μm
Piptadenia affinis,Barth & Yoneshigue - 1966,,,Pityrocarpa affinis,Piptadenia_affinis,Piptadenia,affinis,,Species,present,3,,5,0&1,4,0,31.500,27.300,35.700,23.100,18.900,27.300,3.700,,3.700,,,1.700,,0.790,Reitz e Klein 8037,HBR,HBR 25858,,
Piptadenia anolidurus,Caccavari - 2002,,,Piptadenia anolidorus ,Piptadenia_anolidurus,Piptadenia,anolidurus,,Species,,2&3,2,,,,,25.000,,,,,,,,,,,,,,Kirkbride Jr. & Lleras 2767,K,,,Piptadenia_anolidurus-Caccavari-2002-10µm
Piptadenia floribunda,Caccavari - 2002,,,Piptadenia floribunda ,Piptadenia_floribunda,Piptadenia,floribunda,,Species,-,5,1,,,,,42.000,,,,,,,,,,,,,,Mori & Bolten 8463,K,,,
Piptadenia fruticosa,Caccavari - 2002,,,Piptadenia fruticosa ,Piptadenia_fruticosa,Piptadenia,fruticosa,,Species,,3&4,2,,,,,19.000,,,,,,,,,,,,,,A. Glaziou 3722,K,,,
Piptadenia gonoacantha,Caccavari - 2002,,,Piptadenia gonoacantha ,Piptadenia_gonoacantha,Piptadenia,gonoacantha,,Species,-,4,2,,,,,38.000,,,,,,,,,,,,,,De Souza 15,RB,,,
Piptadenia irwinii,Ribeiro - 2018,,,Piptadenia irwinii,Piptadenia_irwinii,Piptadenia,irwinii,,Species,-,5,,2,,4,,23.133,17.500,25.000,18.733,15.000,25.000,,,,1.000,1.000,1.000,,,Jardim 3303 / Queiroz 12652 / Queiroz 12887,HUEFS / HUEFS / HUEFS,CEPEC 89901 / HUEFS 118159 / HUEFS 118384,,Piptadenia_irwinii-Ribeiro-2018-10μm / Piptadenia_irwinii-2-Ribeiro-2018-10μm / Piptadenia_irwinii-3-Ribeiro-2018-10μm
Piptadenia irwinii var. irwinii,Caccavari - 2002,,,Piptadenia irwinii var. irwinii ,Piptadenia_irwinii_irwinii,Piptadenia,irwinii,irwinii,Variety,,4,2,,,,,26.000,,,,,,,,,,,,,,Irwin et al. 3117,K,,,
Piptadenia irwinii var. unijuga,Caccavari - 2002,,,Piptadenia irwinii var. unijuga ,Piptadenia_irwinii_unijuga,Piptadenia,irwinii,unijuga,Variety,,4,2,,,,,25.000,,,,,,,,,,,,,,S. A. Movi 9501,K,,,
Piptadenia killipii,Caccavari - 2002,,,Piptadenia killipii ,Piptadenia_killipii,Piptadenia,killipii,,Species,,3&4,2,,,,,20.000,,,,,,,,,,,,,,Klug 4333,SI,,,
Piptadenia micracantha,Caccavari - 2002,,,Piptadenia macrantha ,Piptadenia_micracantha,Piptadenia,micracantha,,Species,-,4,2,,,,,19.000,,,,,,,,,,,,,,Ram. et Rodrigues 1163,RB,,,
Piptadenia minutiflora,Caccavari - 2002,,,Piptadenia minutiflora ,Piptadenia_minutiflora,Piptadenia,minutiflora,,Species,-,5,1&2,,,,,50.000,,,,,,,,,,,,,,Rodri. et Chagas 2901,RB,,,Piptadenia_minutiflora-Caccavari-2002-10µm
Piptadenia paniculata,LiauKang,50,,Piptadenia paniculata ,Piptadenia_paniculata,Piptadenia,paniculata,,Species,-,5,,,,,,35.592,30.910,42.080,25.699,24.103,27.080,0.635,0.990,0.813,0.418,0.669,0.544,,,H. C. Lima 4357,ESA,NY 1144695,,
Piptadenia polyptera,Caccavari - 2002,,,Piptadenia polyptera ,Piptadenia_polyptera,Piptadenia,polyptera,,Species,,3,2,,,,,25.000,,,,,,,,,,,,,,,,,,Piptadenia_polyptera-Caccavari-2002-10µm
Piptadenia retusa,Caccavari - 2002,,,Piptadenia flava,Piptadenia_retusa,Piptadenia,retusa,,Species,,4,2,,,,,23.000,,,,,,,,,,,,,,Harley et al 18967,RB,,,
Piptadenia santosii,Caccavari - 2002,,,Piptadenia santosii ,Piptadenia_santosii,Piptadenia,santosii,,Species,-,4,2,,,,,50.000,,,,,,,,,,,,,,T. S. dos Santos 2236,K,,,
Piptadenia stipulacea,Caccavari - 2002 / Buril - 2010,,,Piptadenia stipulacea,Piptadenia_stipulacea,Piptadenia,stipulacea,,Species,-,4,1&2,2,,0,0&1,23.400,22.500,30.000,19.300,17.500,21.200,,,,1.000,1.000,1.000,,,Collares et Dutra 140 / E. Córdula 261 / Y. Melo 183,RB / UFP / UFP,RB 233898 / UFP 47440 / UFP 47436,,Piptadenia_stipulacea-Buril-2010-5μm / Piptadenia_stipulacea-2-Buril-2010-5μm / Piptadenia_stipulacea-3-Buril-2010-5μm / Piptadenia_stipulacea-Buril-2010-5μm / Piptadenia_stipulacea-2-Buril-2010-5μm / Piptadenia_stipulacea-3-Buril-2010-5μm
Piptadenia trisperma,Caccavari - 2002 / Freitas-Cruz - 2018,,,Piptadenia trisperma ,Piptadenia_trisperma,Piptadenia,trisperma,,Species,present,3,2,,,3,,26.250,27.500,27.500,21.300,17.500,25.000,,,,,,,1.000,1.000,P. Lewis et H. 1191 / LTF Menezes et al. s.n.,RB / RBR,RB 222215 / RBR 8163,,Piptadenia_trisperma-Cruz-2018-10μm / Piptadenia_trisperma-2-Cruz-2018-10μm / Piptadenia_trisperma-3-Cruz-2018-5μm / Piptadenia_trisperma-4-Cruz-2018-5μm
Pityrocarpa brenanii,LiauKang,79,,Pseudopiptadenia brenanii,Pityrocarpa_brenanii,Pityrocarpa,brenanii,,Species,-,4&5,,,,4,,33.759,27.500,47.500,27.993,19.248,37.500,0.418,0.669,0.544,0.233,0.467,0.350,,,A. C. Sevilha 6195 / Cardoso 581 / Guedes 16722 / Neves 263,CEN / HUEFS / HUEFS / HUEFS,CEN 103168 / HUEFS 96970 / HUEFS 159209 / HUEFS 162090,,Pseudopiptadenia_brenanii-Ribeiro-2018-10μm / Pseudopiptadenia_brenanii-2-Ribeiro-2018-10μm / Pseudopiptadenia_brenanii-3-Ribeiro-2018-10μm
Pityrocarpa inaequalis,Caccavari - 2002,,,Pseudopiptadenia inaequalis ,Pityrocarpa_inaequalis,Pityrocarpa,inaequalis,,Species,,4,2,,,,,43.000,,,,,,,,,,,,,,M. de Lima 2293,RB,,,
Pityrocarpa leptostachya,LiauKang,,,Pseudopiptadenia leptostachya ,Pityrocarpa_leptostachya,Pityrocarpa,leptostachya,,Species,-,5,,,,,,,,,,,,,,,,,,,,D. Sucre 7380,ESA,ESA 116275,,
Pityrocarpa moniliformis,Buril - 2010 / Ribeiro - 2018 / Guinet & Caccavari - 1992,,,Pityrocarpa moniliformis / Stryphnodendron consimile ,Pityrocarpa_moniliformis,Pityrocarpa,moniliformis,,Species,absent,3,1&2,2,0,4&6,0&1&2,21.817,17.000,30.800,18.250,13.000,34.100,1.800,1.800,1.800,1.000,1.000,1.000,,,M.T. Vital 72 / E. Córdula 24 / Eiten 10840 / Ferreira 17 / Melo 7518 / Ramalho 52,UFP / UFP / HUEFS / HUEFS / HUEFS / RFA,UFP 47448 / UFP 47441 / HUEFS 146824 / HUEFS 118108 / HUEFS 157870 / RFA 17173,,Pityrocarpa_moniliformis-Buril-2010-5μm / Pityrocarpa_moniliformis-2-Buril-2010-5μm / Pityrocarpa_moniliformis-3-Buril-2010-5μm / Pityrocarpa_moniliformis-Buril-2010-5μm / Pityrocarpa_moniliformis-2-Buril-2010-5μm / Pityrocarpa_moniliformis-3-Buril-2010-5μm / Pityrocarpa_moniliformis-Ribeiro-2018-10μm / Stryphnodendron_consimile-1-Guinet & Caccavari-1992-x1000 / Stryphnodendron_consimile-2-Guinet & Caccavari-1992-x2100 / Stryphnodendron_consimile-3-Guinet & Caccavari-1992-x10600
Pityrocarpa obliqua,Caccavari - 2002 / Ribeiro - 2018,,,Piptadenia obliqua subs. obliqua / Pityrocarpa obliqua subs. brasiliensis ,Pityrocarpa_obliqua,Pityrocarpa,obliqua,,Species,absent,3&5,2,,,0,,30.600,27.500,35.000,26.000,22.500,27.500,,,,1.000,1.000,1.000,,,Hinton 10321 / Carneiro-Torres 310,K / HUEFS,HUEFS 105931,Carneiro-Torres 310 = Pityrocarpa obliqua,Pityrocarpa_obliqua_subsp.brasiliensis-Ribeiro-2018-10μm / Pityrocarpa_obliqua_subsp.brasiliensis-2-Ribeiro-2018-10μm
Pityrocarpa obliqua subsp. brasiliensis,Ribeiro - 2018,,,Pityrocarpa obliqua subs. brasiliensis ,Pityrocarpa_obliqua_brasiliensis,Pityrocarpa,obliqua,brasiliensis,Subspecies,-,5,,,,0,,32.150,25.000,37.500,25.500,22.500,27.500,,,,,,,,,Queiroz 12903 / Silva-Castro 901,HUEFS / HUEFS,HUEFS 118400 / HUEFS 105930,,
Pityrocarpa schumanniana,Caccavari - 2002,,,Pseudopiptadenia schumanniana ,Pityrocarpa_schumanniana,Pityrocarpa,schumanniana,,Species,-,5,2,,,,,42.000,,,,,,,,,,,,,,M. P. M. de Lima et al. 27,RB,,,Pseudopiptadenia_schumanniana-Caccavari-2002-10µm
Senegalia nigrescens,Kenrick & Knox - 1982,,,Senegalia nigrescens ,Senegalia_nigrescens,Senegalia,nigrescens,,Species,-,5,,,,,,,,,,,,,,,,,,,,,,,,
Stryphnodendron adstringens,Guinet & Caccavari - 1992 / LiauKang,17,,Stryphnodendron adstringens,Stryphnodendron_adstringens,Stryphnodendron,adstringens,,Species,-,5,1&2,,,4&6,,31.678,24.600,38.269,23.114,20.046,26.361,0.226,1.900,1.063,0.202,1.000,0.605,,,"Assis 298 / Glaziou 21030 / Hammar 5602 / Maguire et al. 56523 / V. C. Souza 21319, L. Capellari Jr., J. Paula-Souza, F. F. Mazine",RB / P / RFA / NY / ESA,RB 226406 / P02734292 / RFA 19677 / NY 00934670 / ESA 48922,,Stryphnodendron_adstringens-1-Guinet & Caccavari-1992-x1000 / Stryphnodendron_adstringens-2-Guinet & Caccavari-1992-x1000 / Stryphnodendron_adstringens-3-Guinet & Caccavari-1992-x1000 / Stryphnodendron_adstringens-4-Guinet & Caccavari-1992-x1000 / Stryphnodendron_adstringens-5-Guinet & Caccavari-1992-x1000 / Stryphnodendron_adstringens-6-Guinet & Caccavari-1992-x1000 / Stryphnodendron_adstringens-7-Guinet & Caccavari-1992-x1000 / Stryphnodendron_adstringens-8-Guinet & Caccavari-1992-x1000 / Stryphnodendron_adstringens-9-Guinet & Caccavari-1992-x10000
Stryphnodendron cristalinae,Guinet & Caccavari - 1992,,,Stryphnodendron cristalinae ,Stryphnodendron_cristalinae,Stryphnodendron,cristalinae,,Species,-,5,1&2,,,6,,34.100,34.100,34.100,27.000,27.000,27.000,1.600,2.000,1.800,0.800,1.300,1.050,,,Heringer & Rizzini 11128,MG,,,
Stryphnodendron gracile,Guinet & Caccavari - 1992,,,Stryphnodendron gracile ,Stryphnodendron_gracile,Stryphnodendron,gracile,,Species,-,5,1&2,,,6,,30.800,30.800,30.800,34.100,34.100,34.100,1.800,1.900,1.850,1.000,1.000,1.000,,,Heringer 7369 / Heringer et al. 7361,RB / RB,,,
Stryphnodendron platyspicum,Guinet & Caccavari - 1992 / LiauKang,55,,Stryphnodendron platyspicum / Stryphnodendron pumillum ,Stryphnodendron_platyspicum,Stryphnodendron,platyspicum,,Species,-,5,1&2,,,6,,31.854,26.360,34.083,21.277,19.052,25.500,0.418,2.000,1.209,0.209,1.300,0.755,,,Glaziou 21031 / Irwin et al. 8017 / Martinelli et al. 7419 / Ratter et al. 4222 / G. Pereira-Silva 5558,MPU / NY / RB / K / ESA,R-Tipos 8377 (Glaziou 21031) / UB 40264 (Martinelli et al. 7419) / UB 40271 (Ratter et al. 4222) / CEN 43846,,Stryphnodendron_platyspicum-Guinet & Caccavari-1992-x10600
Stryphnodendron polyphyllum,Guinet & Caccavari - 1992,,,Stryphnodendron polyphyllum / Stryphnodendron polyphyllum var. villosum ,Stryphnodendron_polyphyllum,Stryphnodendron,polyphyllum,,Species,-,5,1&2,,,4&6,,32.400,24.600,36.600,34.100,24.200,24.200,1.400,1.900,1.650,0.800,1.000,0.900,,,Macedo 528 / Martius 1102 / Pereira et al. 9510  / Dobereiner 74 (var. villosum) / Miers s.n. (var. villosum),US / BR / RFA / RFA / P,RFA 5431 (Dobereiner 74) / P02735168 (Miers s.n.),Dobereiner 74 (var. villosum) and Miers s.n. (var. villosum) = Stryphnodendron polyphyllum,Stryphnodendron_polyphyllum_var. villosum-1-Guinet & Caccavari-1992-x1000 / Stryphnodendron_polyphyllum_var. villosum-2-Guinet & Caccavari-1992-x1000 / Stryphnodendron_polyphyllum_var. villosum-3-Guinet & Caccavari-1992-x1000
Stryphnodendron polyphyllum var. villosum,Guinet & Caccavari - 1992,,,Stryphnodendron humile ,Stryphnodendron_polyphyllum_villosum,Stryphnodendron,polyphyllum,villosum,Variety,,5,1&2,,,4&6,,31.000,31.000,31.000,34.100,23.400,23.400,2.300,2.300,2.300,0.800,1.000,0.900,,,Heringer 7783,RFA,RFA 18438,,
Vachellia farnesiana,LiauKang,20,,Vachellia farnesiana ,Vachellia_farnesiana,Vachellia,farnesiana,,Species,-,5,,,,,,39.587,35.903,42.614,36.244,29.721,39.990,1.124,2.088,1.606,0.861,1.476,1.169,,,J. Paula-Souza 7838,ESA,ESA 98949,,